1.0	0.730206896551724	0.6548235294117648	0.44651952461799665	0.5517500000000001	0.4204444444444445	0.46874074074074085	0.45666666666666667	0.21760000000000007	0.19790329482242194	0.42470588235294116	0.4713513513513513	0.40086486486486483	0.5053793103448275	0.5653333333333334	0.23558620689655174	0.32192000000000004	0.348	0.23933333333333331	0.2849032258064516	0.07458064516129033	0.2096969696969697	0.24283870967741933	0.1906206896551724	0.19790329482242194	0.14956521739130443	0.19753846153846155	0.05822222222222224	0.26106666666666667	0.15623529411764714	0.21760000000000002	0.1701818181818182	0.14308571428571432	0.1906206896551724	0.20077419354838713	0.15623529411764714	0.1473846153846154	0.11328	0.1306666666666667	0.348	0.11328	0.1178823529411765	0.07347368421052634	0.21760000000000002	0	0.5653333333333332	0.24283870967741933	0.14308571428571432	0.17413333333333336	0.14425	0.20077419354838713	0.1617142857142857	0.08720000000000003	0.1006896551724138	0.17413333333333336	0.0557241379310345	0.1668888888888889	0.1906206896551724	0.14308571428571432	0.1006896551724138	0.11374510656807306	0.13066666666666665	0.14210526315789476	0.18034285714285714	0.14210526315789476	0.1178823529411765	0.2096969696969697	0.15616911130284733	0.1473846153846154	0.15416216216216216	0.26106666666666667	0.2548571428571429	0.2887272727272727	0.41663157894736846	0.2329411764705883	0.25989189189189194	0.3045333333333334	0.22574999999999998	0.24283870967741933	0.2665	0.4411428571428571	
0.730206896551724	1.0	0.6514300989040365	0.5920467185761957	0.485127665175046	0.3242122719734661	0.414317302377004	0.4424751243781094	0.23930515945035002	0.223156714325764	0.3028601978080727	0.3754789272030651	0.4200875752599891	0.3708183221821925	0.369264787175235	0.1610910962429233	0.27014925373134324	0.1485074626865672	0.2397388059701492	0.3187042842215256	0.10579937304075232	0.22175066312997346	0.23354231974921627	0.1191456510550695	0.223156714325764	0.10090850097339393	0.01750861079219289	0.0705946239478686	0.15478351050038894	0.1285752472600909	0.25350215517241387	0.2649867374005305	0.2095905172413793	0.20303654143077715	0.27612330198537094	0.25928896017107733	0.15786452353616534	0.17283582089552238	0.1591094216671192	0.044243070362473345	0.17283582089552238	0.17214648489708637	0.0557241379310345	0.2701492537313433	0	0.5945273631840796	0.19096133751306163	0.12176724137931036	0.15478351050038894	0.09897341405633063	0.14838035527690696	0.13113006396588484	0.07026186155042782	0.07720020586721567	0.15478351050038894	0.035254760679361834	0.1591094216671192	0.1610910962429233	0.16567887931034483	0.1191456510550695	0.25676831005984607	0.17851458885941646	0.1906206896551724	0.25350215517241387	0.1006896551724138	0.1285752472600909	0.22175066312997346	0.2167891464104014	0.25143513203214696	0.28626163108921726	0.23930515945035002	0.21801705756929635	0.2649867374005305	0.4604137931034482	0.3464314354450682	0.3754789272030651	0.2815659839253306	0.2705975256646486	0.23354231974921627	0.2276914977625691	0.34834754797441364	
0.6548235294117648	0.6514300989040365	1.0000000000000002	0.5747153700189752	0.4471899224806202	0.3916164226241747	0.2512202124605226	0.3682170542635659	0.24186046511627912	0.2204686752749881	0.36821705426356593	0.3531746031746032	0.3531746031746032	0.43357391071905915	0.4852138960666094	0.25928896017107733	0.2924031007751938	0.2418604651162791	0.2629198966408268	0.3478369592398099	0.1847961990497624	0.2342024900164435	0.2663165791447861	0.2157177225340818	0.25944524151123866	0.23087293562521072	0.22242098986285036	0.13177396943029182	0.19974160206718347	0.14523483812129506	0.21346507352941174	0.19591261451726574	0.21346507352941174	0.17214648489708637	0.30707676919229804	0.25672594619243055	0.22242098986285036	0.19131782945736436	0.2450208429828625	0.36821705426356593	0.2418604651162791	0.25672594619243055	0.1178823529411765	0.11550387596899228	0	0.5788113695090439	0.22555638909727432	0.17601102941176472	0.24186046511627912	0.17078488372093023	0.22555638909727432	0.23283499446290143	0.24186046511627912	0.2157177225340818	0.19974160206718347	0.1285752472600909	0.2450208429828625	0.25928896017107733	0.28837316176470584	0.2157177225340818	0.28682547399124947	0.15762273901808788	0.19458823529411767	0.21346507352941174	0.1178823529411765	0.07090743274053811	0.19591261451726574	0.13548698167791712	0.12522361359570666	0.1629318394024277	0.24186046511627912	0.23283499446290143	0.2342024900164435	0.3863529411764706	0.21956224350205203	0.20098039215686275	0.19974160206718347	0.17078488372093023	0.1847961990497624	0.17078488372093023	0.3230897009966777	
0.44651952461799665	0.5920467185761957	0.5747153700189752	0.9999999999999999	0.5892137096774194	0.41577060931899645	0.31839904420549586	0.397513440860215	0.2112903225806452	0.15051073587658953	0.2654174573055028	0.2894507410636442	0.2539232781168265	0.3200778642936596	0.3670848267622462	0.18409343715239151	0.31645161290322577	0.21129032258064515	0.1784274193548387	0.23673257023933392	0.06711758584807488	0.24315738025415448	0.27913631633714875	0.13876529477196883	0.15051073587658953	0.19985974754558206	0.14050868486352355	0.050627240143369154	0.12365591397849461	0.11076850094876659	0.13617511520737327	0.16348973607038128	0.13617511520737327	0.13876529477196883	0.23673257023933392	0.18809297912713469	0.14050868486352355	0.10612903225806447	0.12365591397849462	0.24884792626728108	0.2112903225806451	0.14943074003795068	0.031409168081494084	0.07983870967741936	0	0.12365591397849461	0.19432882414151922	0.17373271889400915	0.2112903225806452	0.09627016129032256	0.06711758584807488	0.06105990783410137	0.16747311827956987	0.09343715239154617	0.12365591397849461	0.0027808676307008048	0.12365591397849462	0.18409343715239151	0.06105990783410134	0.0027808676307008048	0.1710108073744437	0.12365591397849462	0.10059422750424454	0.13617511520737327	0.1351867572156197	0.18809297912713469	0.24315738025415448	0.1778058007566204	0.1910669975186104	0.2183958151700087	0.38655913978494627	0.24884792626728108	0.24315738025415448	0.342741935483871	0.22675521821631878	0.2539232781168265	0.2989247311827957	0.21950604838709675	0.32154006243496347	0.26058467741935487	0.43663594470046074	
0.5517500000000001	0.485127665175046	0.4471899224806202	0.5892137096774194	1.0	0.446988973706531	0.5391574780887759	0.5852417302798981	0.33638676844783716	0.3373983739837399	0.32873062015503873	0.3531746031746032	0.39360119047619047	0.3135035535667281	0.3087362171331638	0.14187944195841012	0.15389312977099234	0.3778625954198473	0.1704834605597964	0.19724205860625457	-0.0141129032258064	0.13798076923076918	0.1571041615365673	0.14187944195841012	0.21316056910569106	0.13441752406239632	0.13857897827363477	0.07750984251968504	0.17048346055979646	0.13129844961240308	0.12451171874999994	0.1771634615384615	0.20410156249999997	0.14187944195841012	0.2373799556759419	0.24975775193798447	0.1864357017028773	0.10412213740458015	0.19783464566929138	0.2889858233369684	0.15389312977099234	0.17078488372093023	0.06275000000000001	0.12900763358778627	0	-1.0	0.11696626446688006	0.16430664062499994	0.12900763358778627	0.1056774809160305	0.0768283673971928	0.11123227917121045	0.08753180661577611	0.09897341405633063	0.17048346055979646	0.05606738615425114	0.1577263779527559	0.1847854698604896	0.04492187499999997	0.05606738615425114	0.20015495867768593	0.1771634615384615	0.22574999999999998	0.16430664062499994	0.18500000000000003	0.21027131782945738	0.2555288461538461	0.33196721311475413	0.3300058719906049	0.3531746031746032	0.29491094147582697	0.3334242093784078	0.37307692307692303	0.5517500000000001	0.32873062015503873	0.3531746031746032	0.29491094147582697	0.33897900763358774	0.35779364688500365	0.30009541984732824	0.3778625954198473	
0.4204444444444445	0.3242122719734661	0.3916164226241747	0.41577060931899645	0.446988973706531	0.9999999999999998	0.37854030501089325	0.4007352941176471	0.36452241715399614	0.46010237880156585	0.3916164226241747	0.4729570840681953	0.5208700764256321	0.23410724156992818	0.4229302832244009	0.18905472636815923	0.2329411764705882	-0.39629629629629626	0.20098039215686272	0.17676767676767682	0.1310325476992144	0.30341880341880345	0.17676767676767682	0.1440022111663903	0.16561276723878354	0.16624040920716115	0.21634615384615385	0.04928550597841938	0.13756613756613761	0.1576227390180879	0.19820601851851852	0.1176638176638177	0.29253472222222227	0.09894969596462137	0.17676767676767682	0.11082400229687057	0.21634615384615385	0.185	0.14435695538057744	0.22951680672268904	0.08911764705882355	0.1576227390180879	0.17896296296296305	0.1610294117647059	0	0.20098039215686272	0.1310325476992144	0.29253472222222227	0.22834864940128102	0.1704834605597965	0.1310325476992144	0.15034293552812075	0.0013923698134224584	0.00884466556108348	0.13756613756613761	0.00884466556108348	0.09682123067949841	0.18905472636815923	0.15104166666666669	-0.16730523627075347	0.10192837465564744	0.024786324786324837	0.13066666666666674	0.05671296296296297	0.03407407407407415	0.20442147573930525	0.07122507122507127	0.10928961748633884	0.17024886877828055	0.23339212228101125	0.3191311612364245	0.2844993141289438	0.34985754985754985	0.4204444444444445	0.29801894918174	0.23339212228101125	0.3191311612364245	0.446988973706531	0.3597081930415264	0.4009047215154086	0.19506172839506175	
0.46874074074074085	0.414317302377004	0.2512202124605226	0.31839904420549586	0.5391574780887759	0.37854030501089325	0.9999999999999998	0.5006127450980392	0.36452241715399614	0.3128575730201747	0.29801894918174	0.32921810699588483	0.42504409171075846	0.23410724156992818	0.24537037037037035	0.1440022111663903	0.13705882352941176	0.28088235294117647	0.0012254901960784428	0.085297418630752	-0.026284348864993947	0.024786324786324837	-0.026284348864993947	-0.16730523627075347	0.11653116531165315	0.009910485933503872	-0.07122507122507112	0.09682123067949841	0.04678362573099419	0.06402526557565323	0.05671296296296297	0.1176638176638177	0.10387731481481483	0.09894969596462137	0.1310325476992144	0.1576227390180879	0.031957013574660645	0.13705882352941176	0.04928550597841938	0.0582983193277311	0.08911764705882355	0.06402526557565323	0.03407407407407415	0.04117647058823531	0	0.20098039215686272	0.17676767676767682	0.10387731481481483	0.04678362573099419	0.03223070398642923	0.085297418630752	0.10562414266117973	0.13756613756613761	0.1440022111663903	0.0921748816485659	0.09894969596462137	0.14435695538057744	0.23410724156992818	0.24537037037037038	0.1440022111663903	0.1518212427303337	0.21054131054131056	0.22725925925925933	0.15104166666666669	0.17896296296296305	0.20442147573930525	0.1176638176638177	0.20825743776563452	0.12415158371040726	0.23339212228101125	0.22834864940128102	0.15034293552812075	0.21054131054131056	0.27555555555555566	0.20442147573930525	0.2813051146384481	0.2737399053188527	0.3087362171331638	0.2682379349046016	0.2165677127509189	0.19506172839506175	
0.45666666666666667	0.4424751243781094	0.3682170542635659	0.397513440860215	0.5852417302798981	0.4007352941176471	0.5006127450980392	1.0	0.5404135338345863	0.7791327913279134	0.5261627906976744	0.6226851851851851	0.6765873015873016	0.6452114427860696	0.5505514705882353	0.29042288557213924	0.36020531400966177	0.4136690647482015	0.26708633093525175	0.43402777777777773	0.22821969696969693	0.37307692307692303	0.2796717171717171	0.2397388059701492	0.39261517615176145	0.18423522051923683	0.10766423357664234	0.30479002624671914	0.2850877192982456	0.31556847545219635	0.3102213541666666	0.32083333333333325	0.41634114583333326	0.29042288557213924	0.33112373737373735	0.5261627906976744	0.3059610705596107	0.3109903381642512	0.5187007874015748	0.2461459403905447	0.36020531400966177	0.42086563307493535	0.23933333333333331	0.29640287769784174	0	0.6091127098321343	0.33112373737373735	0.3102213541666666	0.33615288220551376	0.2223282442748091	0.22821969696969693	0.1950617283950617	0.2850877192982456	0.4424751243781094	0.38721804511278196	0.29042288557213924	0.41174540682414695	0.3917910447761194	0.3102213541666666	0.2397388059701492	0.4948347107438016	0.2685897435897436	0.45666666666666667	0.41634114583333326	0.34800000000000003	0.42086563307493535	0.32083333333333325	0.4989754098360655	0.4546836982968369	0.5687830687830688	0.33615288220551376	0.29567901234567895	0.4253205128205127	0.4023333333333333	0.42086563307493535	0.35317460317460325	0.33615288220551376	0.48155216284987273	0.33112373737373735	0.2741730279898218	0.29567901234567895	
0.21760000000000007	0.23930515945035002	0.24186046511627912	0.2112903225806452	0.33638676844783716	0.36452241715399614	0.36452241715399614	0.5404135338345863	1.0	0.7349593495934962	0.6209302325581396	0.6981481481481483	0.6119047619047622	0.45060928182525284	0.5006961849067114	0.3660876328752917	0.3136842105263158	0.2646616541353384	0.2850877192982456	0.25909090909090915	0.17676767676767677	0.24769230769230774	0.21792929292929292	0.23930515945035002	0.20487804878048788	0.25400457665903897	0.10439560439560444	0.18713910761154856	0.18295739348370932	0.24186046511627912	0.19348958333333335	0.24769230769230774	0.4057291666666667	0.2815659839253306	0.34141414141414145	0.3260981912144703	0.34008097165991913	0.46075187969924813	0.2727034120734908	0.29967776584317946	0.2646616541353383	0.2839793281653747	0.39146666666666674	0.1421052631578948	0	0.5914786967418547	0.3002525252525252	0.36328125	0.3463659147869675	0.33638676844783716	0.3002525252525252	0.29967776584317946	0.22380952380952385	0.23930515945035002	0.26466165413533843	0.2815659839253306	0.2727034120734908	0.3660876328752917	0.4057291666666667	0.23930515945035002	0.32644628099173556	0.2894871794871795	0.3045333333333334	0.3208333333333334	0.34800000000000003	0.3260981912144703	0.2058974358974359	0.33196721311475413	0.29294389820705613	0.3100529100529102	0.26466165413533843	0.2559076262083781	0.3730769230769231	0.3045333333333334	0.3260981912144703	0.266931216931217	0.26466165413533843	0.33638676844783716	0.17676767676767677	0.12900763358778627	0.16836734693877553	
0.19790329482242194	0.223156714325764	0.2204686752749881	0.15051073587658953	0.3373983739837399	0.46010237880156585	0.3128575730201747	0.7791327913279134	0.7349593495934962	1.0000000000000002	0.6881874701099953	0.6060206548011426	0.5343880465831686	0.6344266890944772	0.7055103884372178	0.360246705915335	0.36390243902439023	0.469918699186992	0.33739837398373984	0.3587726199842643	0.27327563598216625	0.2771618625277162	0.27327563598216625	0.360246705915335	0.23800813008130078	0.2509720749381407	0.18449030644152598	0.1533423667570009	0.2490514905149052	0.25944524151123866	0.2806039488966318	0.317319536831732	0.3941927990708478	0.4516400336417157	0.3160241279832152	0.33739837398373984	0.38836772983114454	0.4169105691056911	0.33739837398373984	0.33739837398373984	0.2048780487804878	0.25944524151123866	0.30252460419341043	0.07235772357723579	0	0.5582655826558266	0.23052714398111715	0.31846689895470376	0.4257452574525746	0.29598577235772355	0.27327563598216625	0.2900696864111498	0.2490514905149052	0.3145500420521447	0.2490514905149052	0.2688533781889543	0.300587172538392	0.5887300252312868	0.3563298490127758	0.3145500420521447	0.39380165289256197	0.317319536831732	0.37227214377406936	0.3563298490127758	0.30252460419341043	0.2984218077474893	0.19684651391968463	0.23176229508196722	0.38836772983114454	0.3194902219292463	0.20487804878048788	0.19541231126596975	0.3976348854397635	0.2676508344030809	0.25944524151123866	0.1762250054932982	0.20487804878048788	0.3788109756097561	0.23052714398111715	0.21316056910569106	0.19541231126596975	
0.42470588235294116	0.3028601978080727	0.36821705426356593	0.2654174573055028	0.32873062015503873	0.3916164226241747	0.29801894918174	0.5261627906976744	0.6209302325581396	0.6881874701099953	1.0000000000000002	0.7336601307189542	0.5434173669467788	0.6078588612670409	0.7192075796726961	0.43357391071905915	0.39348837209302323	0.36821705426356593	0.3682170542635659	0.5108777194298574	0.3885971492873218	0.3873619920131548	0.3885971492873218	0.43357391071905915	0.3763749402199905	0.34074823053589487	0.22242098986285036	0.28276980083371933	0.3260981912144703	0.293889648882809	0.2509191176470588	0.3107822410147992	0.400735294117647	0.39000267308206366	0.3478369592398099	0.293889648882809	0.4168157423971378	0.39348837209302323	0.28276980083371933	0.36821705426356593	0.2418604651162791	0.25672594619243055	0.3096470588235295	0.11550387596899228	0	0.5788113695090439	0.30707676919229804	0.400735294117647	0.4103359173126615	0.32873062015503873	0.3478369592398099	0.36821705426356593	0.2839793281653747	0.39000267308206366	0.2839793281653747	0.3028601978080727	0.32051875868457624	0.47714514835605454	0.400735294117647	0.43357391071905915	0.3264462809917356	0.349072116513977	0.42470588235294116	0.36328124999999994	0.3863529411764706	0.25672594619243055	0.2342024900164435	0.25337512054001926	0.2710196779964222	0.277077497665733	0.15762273901808788	0.14258028792912514	0.2342024900164435	0.19458823529411767	0.14523483812129506	0.08683473389355743	0.15762273901808788	0.21027131782945738	0.1847961990497624	0.21027131782945738	0.1877076411960133	
0.4713513513513513	0.3754789272030651	0.3531746031746032	0.2894507410636442	0.3531746031746032	0.4729570840681953	0.32921810699588483	0.6226851851851851	0.6981481481481483	0.6060206548011426	0.7336601307189542	1.0	0.6853281853281854	0.7769567597153805	0.760435038212816	0.46469622331691285	0.379047619047619	0.4825396825396826	0.46097883597883604	0.45750128008192514	0.24884792626728106	0.411976911976912	0.45750128008192514	0.3754789272030651	0.28367391782025925	0.3250517598343686	0.20390720390720393	0.1735008818342152	0.3100529100529102	0.3151260504201681	0.2977324263038549	0.2551707551707552	0.3716553287981859	0.33087027914614126	0.3323092677931387	0.3531746031746032	0.5024420024420025	0.48253968253968255	0.38910934744268083	0.5379818594104309	0.379047619047619	0.3531746031746032	0.33037837837837836	0.09444444444444447	0	0.5687830687830688	0.3740399385560676	0.3716553287981859	0.4825396825396827	0.31274801587301587	0.3740399385560676	0.35317460317460314	0.266931216931217	0.3754789272030651	0.3100529100529102	0.28626163108921726	0.35317460317460325	0.46469622331691285	0.4455782312925169	0.33087027914614126	0.34465043555952646	0.33357383357383363	0.3656216216216216	0.4086167800453514	0.43610810810810813	0.39122315592903834	0.2943722943722944	0.2778023925564909	0.3034188034188035	0.2657657657657658	0.3100529100529102	0.12216553287981857	0.37277537277537276	0.33037837837837836	0.277077497665733	0.2308022308022308	0.3100529100529102	0.31274801587301587	0.24884792626728106	0.2723214285714286	0.3069727891156462	
0.40086486486486483	0.4200875752599891	0.3531746031746032	0.2539232781168265	0.39360119047619047	0.5208700764256321	0.42504409171075846	0.6765873015873016	0.6119047619047622	0.5343880465831686	0.5434173669467788	0.6853281853281854	1.0	0.7769567597153805	0.760435038212816	0.509304871373837	0.5342857142857144	0.4825396825396826	0.5148809523809523	0.49923195084485394	0.29057859703020994	0.411976911976912	0.45750128008192514	0.4200875752599891	0.3194902219292463	0.38129744651483793	0.3034188034188035	0.28130511463844804	0.35317460317460325	0.3531746031746032	0.4086167800453514	0.33357383357383363	0.48253968253968255	0.33087027914614126	0.41577060931899634	0.5053688141923437	0.5024420024420025	0.6895238095238094	0.4250440917107584	0.6303854875283446	0.379047619047619	0.3531746031746032	0.40086486486486483	0.35317460317460314	0	0.5687830687830688	0.49923195084485394	0.48253968253968255	0.5256613756613758	0.39360119047619047	0.3740399385560676	0.44557823129251695	0.35317460317460325	0.46469622331691285	0.43941798941798943	0.3754789272030651	0.38910934744268083	0.46469622331691285	0.3716553287981859	0.4200875752599891	0.38105874469510836	0.2943722943722944	0.33037837837837836	0.4086167800453514	0.33037837837837836	0.277077497665733	0.2943722943722944	0.2416925121843155	0.3531746031746032	0.2308022308022308	0.266931216931217	0.07596371882086166	0.33357383357383363	0.25989189189189194	0.277077497665733	0.19583869583869587	0.266931216931217	0.31274801587301587	0.3323092677931387	0.2723214285714286	0.26077097505668934	
0.5053793103448275	0.3708183221821925	0.43357391071905915	0.3200778642936596	0.3135035535667281	0.23410724156992818	0.23410724156992818	0.6452114427860696	0.45060928182525284	0.6344266890944772	0.6078588612670409	0.7769567597153805	0.7769567597153805	1.0	0.6846323935876176	0.4547092125579001	0.4161194029850746	0.3917910447761194	0.4424751243781094	0.5316091954022988	0.3187042842215256	0.48116710875331553	0.44644723092998956	0.4127637673700463	0.4516400336417157	0.31245944192083064	0.20464982778415614	0.33613901710562044	0.32382680840031114	0.47714514835605454	0.38523706896551724	0.3514588859416446	0.47306034482758624	0.4127637673700463	0.40386624869383486	0.47714514835605454	0.43857634902411025	0.4647761194029851	0.4246538148248711	0.5655650319829424	0.3674626865671642	0.3464314354450682	0.3704827586206896	0.1485074626865672	0	0.5945273631840796	0.40386624869383486	0.42914870689655177	0.45060928182525284	0.35640958146880763	0.40386624869383486	0.3917910447761194	0.3660876328752917	0.4127637673700463	0.3660876328752917	0.32887287699433865	0.5131686125441216	0.4547092125579001	0.38523706896551724	0.4127637673700463	0.5354801937874037	0.3082228116710875	0.41544827586206895	0.42914870689655177	0.41544827586206895	0.25928896017107733	0.3082228116710875	0.40107405313736577	0.2982204362801377	0.3754789272030651	0.23930515945035002	0.1745735607675906	0.3082228116710875	0.280551724137931	0.3028601978080727	0.19704433497536944	0.2815659839253306	0.1847854698604896	0.19096133751306163	0.09897341405633063	0.21801705756929635	
0.5653333333333334	0.369264787175235	0.4852138960666094	0.3670848267622462	0.3087362171331638	0.4229302832244009	0.24537037037037035	0.5505514705882353	0.5006961849067114	0.7055103884372178	0.7192075796726961	0.760435038212816	0.760435038212816	0.6846323935876176	0.9999999999999998	0.414317302377004	0.4247058823529411	0.400735294117647	0.4007352941176471	0.45117845117845123	0.31397306397306407	0.4427350427350427	0.3597081930415264	0.3242122719734661	0.3619391749473051	0.3225703324808184	0.21634615384615385	0.2394284047827355	0.36452241715399614	0.3916164226241747	0.4340277777777778	0.34985754985754985	0.4340277777777778	0.369264787175235	0.31397306397306407	0.3448176859029573	0.3546380090497738	0.4247058823529411	0.38203557888597267	0.48634453781512604	0.2329411764705882	0.3448176859029573	0.32385185185185195	0.1610294117647059	0	0.6004901960784313	0.31397306397306407	0.386863425925926	0.4099136730715679	0.4009047215154086	0.3597081930415264	0.2844993141289438	0.22834864940128102	0.27915975677169713	0.3191311612364245	0.3242122719734661	0.38203557888597267	0.414317302377004	0.4340277777777778	0.27915975677169713	0.4511784511784513	0.21054131054131056	0.3721481481481483	0.386863425925926	0.32385185185185195	0.2512202124605226	0.256980056980057	0.2577413479052824	0.21634615384615385	0.23339212228101125	0.18295739348370932	0.15034293552812075	0.34985754985754985	0.32385185185185195	0.2512202124605226	0.13756613756613764	0.18295739348370932	0.26265196494204135	0.31397306397306407	0.26265196494204135	0.19506172839506175	
0.23558620689655174	0.1610910962429233	0.25928896017107733	0.18409343715239151	0.14187944195841012	0.18905472636815923	0.1440022111663903	0.29042288557213924	0.3660876328752917	0.360246705915335	0.43357391071905915	0.46469622331691285	0.509304871373837	0.4547092125579001	0.414317302377004	1.0	0.6594029850746269	0.6350746268656717	0.5438432835820894	0.5316091954022988	0.48902821316614414	0.5244031830238727	0.5316091954022988	0.4966546577457539	0.6801233529576675	0.5768981181051265	0.39179104477611937	0.5574260114037469	0.40834845735027225	0.5642876236300455	0.5169719827586207	0.5676392572944297	0.6487068965517242	0.4127637673700463	0.48902821316614414	0.47714514835605454	0.6257175660160734	0.5620895522388059	0.4689112136844963	0.652452025586354	0.4161194029850746	0.52071638599305	0.6402758620689655	0.3917910447761194	0	0.5945273631840796	0.48902821316614414	0.6047952586206897	0.6196525797251751	0.485127665175046	0.44644723092998956	0.47867803837953093	0.45060928182525284	0.4127637673700463	0.535130930775214	0.4547092125579001	0.5574260114037469	0.4547092125579001	0.47306034482758624	0.3708183221821925	0.5819321744086635	0.3082228116710875	0.3704827586206896	0.3413254310344828	0.41544827586206895	0.25928896017107733	0.2649867374005305	0.3550028264556246	0.3450057405281286	0.28626163108921726	0.2815659839253306	0.13113006396588484	0.2649867374005305	0.1456551724137931	0.17214648489708637	0.10782703886152163	0.23930515945035002	0.14187944195841012	0.14838035527690696	0.1847854698604896	0.21801705756929635	
0.32192000000000004	0.27014925373134324	0.2924031007751938	0.31645161290322577	0.15389312977099234	0.2329411764705882	0.13705882352941176	0.36020531400966177	0.3136842105263158	0.36390243902439023	0.39348837209302323	0.379047619047619	0.5342857142857144	0.4161194029850746	0.4247058823529411	0.6594029850746269	1.0	0.6456521739130435	0.5570652173913042	0.6048484848484847	0.6048484848484847	0.5987692307692306	0.5554545454545454	0.4161194029850746	0.5759349593495934	0.4864524259609326	0.3337226277372262	0.4866141732283464	0.46075187969924813	0.5451162790697675	0.5924999999999998	0.4483076923076923	0.6434375	0.3674626865671642	0.5554545454545454	0.44403100775193804	0.3813138686131387	0.527536231884058	0.5379527559055118	0.4094202898550725	0.33855072463768116	0.5451162790697675	0.42624	0.4094202898550724	0	0.6062801932367149	0.506060606060606	0.4906249999999999	0.5097744360902255	0.45251908396946566	0.40727272727272723	0.3238518518518519	0.46075187969924813	0.4161194029850746	0.5587969924812031	0.4161194029850746	0.4866141732283464	0.3674626865671642	0.38874999999999993	0.3674626865671642	0.6228099173553718	0.2978461538461538	0.32192000000000004	0.38874999999999993	0.42624	0.2418604651162791	0.348	0.3052459016393443	0.2861313868613139	0.27555555555555555	0.21563909774436088	0.13066666666666668	0.19753846153846152	0.26976	0.2418604651162791	0.17206349206349206	0.16661654135338344	0.20366412213740456	0.16030303030303028	0.20366412213740456	0.22725925925925927	
0.348	0.1485074626865672	0.2418604651162791	0.21129032258064515	0.3778625954198473	-0.39629629629629626	0.28088235294117647	0.4136690647482015	0.2646616541353384	0.469918699186992	0.36821705426356593	0.4825396825396826	0.4825396825396826	0.3917910447761194	0.400735294117647	0.6350746268656717	0.6456521739130435	1.0	0.6482014388489209	0.8765151515151516	0.5060606060606061	0.6238461538461538	0.753030303030303	0.6350746268656717	0.602439024390244	0.5342857142857144	0.2861313868613139	0.6149606299212599	0.5097744360902257	0.4945736434108528	0.6179687500000001	0.6238461538461538	0.6179687500000001	0.5134328358208956	0.5060606060606061	0.6209302325581396	0.4051094890510949	0.4094202898550724	0.7433070866141733	0.34362416107382543	0.5275362318840581	0.7472868217054264	0.6088000000000001	0.041176470588235294	0	0.28976034858387795	0.6295454545454546	0.6179687500000001	0.6323308270676693	0.6267175572519084	0.5060606060606061	0.3962962962962963	0.38721804511278196	0.5134328358208956	0.6323308270676693	0.5134328358208956	0.48661417322834655	0.5134328358208956	0.49062500000000003	0.6350746268656717	0.5958677685950414	0.24769230769230768	0.21760000000000002	0.49062500000000003	0.21760000000000002	0.36821705426356593	0.37307692307692303	0.4655737704918033	0.16715328467153287	0.35317460317460314	0.019548872180451142	-0.4178571428571429	0.24769230769230768	0.08720000000000006	0.11550387596899228	0.09444444444444447	0.019548872180451142	0.004580152671755733	0.012121212121212097	0.12900763358778627	0.15481481481481482	
0.23933333333333331	0.2397388059701492	0.2629198966408268	0.1784274193548387	0.1704834605597964	0.20098039215686272	0.0012254901960784428	0.26708633093525175	0.2850877192982456	0.33739837398373984	0.3682170542635659	0.46097883597883604	0.5148809523809523	0.4424751243781094	0.4007352941176471	0.5438432835820894	0.5570652173913042	0.6482014388489209	1.0	0.6912878787878788	0.43402777777777773	0.6342948717948717	0.6398358585858585	0.4424751243781094	0.4478319783197832	0.2862058179543322	0.20681265206812652	0.3582677165354331	0.33615288220551376	0.4735142118863049	0.5755208333333331	0.4253205128205127	0.5224609374999999	0.29042288557213924	0.48547979797979796	0.4735142118863049	0.504257907542579	0.36020531400966177	0.5187007874015748	0.5811921891058582	0.40942028985507245	0.5261627906976744	0.45666666666666667	0.4136690647482015	0	0.21822541966426856	0.43402777777777773	0.46940104166666663	0.4893483709273183	0.42970737913485996	0.48547979797979796	0.39629629629629626	0.4382832080200501	0.4424751243781094	0.5404135338345863	0.3917910447761194	0.5187007874015748	0.3411069651741293	0.46940104166666663	0.4931592039800995	0.6070936639118456	0.32083333333333325	0.29366666666666663	0.41634114583333326	0.23933333333333331	0.31556847545219635	0.2685897435897436	0.3319672131147541	0.3059610705596107	0.35317460317460325	0.08082706766917294	0.1950617283950617	0.2685897435897436	0.185	0.15762273901808785	0.029761904761904802	0.18295739348370926	0.1704834605597964	0.12531565656565655	0.2741730279898218	0.1950617283950617	
0.2849032258064516	0.3187042842215256	0.3478369592398099	0.23673257023933392	0.19724205860625457	0.17676767676767682	0.085297418630752	0.43402777777777773	0.25909090909090915	0.3587726199842643	0.5108777194298574	0.45750128008192514	0.49923195084485394	0.5316091954022988	0.45117845117845123	0.5316091954022988	0.6048484848484847	0.8765151515151516	0.6912878787878788	1.0	0.6016617790811339	0.757320099255583	0.6414956011730204	0.5741901776384535	0.4870180959874114	0.5167984189723321	0.28758741258741255	0.585979171958344	0.5883838383838383	0.5516379094773692	0.5481350806451613	0.47419354838709665	0.5481350806451613	0.40386624869383486	0.4423264907135874	0.5108777194298574	0.43006993006993005	0.506060606060606	0.5445770891541782	0.5589826839826839	0.5554545454545454	0.5923980995248812	0.41109677419354834	0.5060606060606061	0	1.0	0.4423264907135874	0.5070564516129031	0.5472222222222223	0.4782073380940655	0.48216031280547406	0.5148809523809522	0.4648989898989898	0.5316091954022988	0.4648989898989898	0.48902821316614414	0.585979171958344	0.48902821316614414	0.4659778225806451	0.5316091954022988	0.5654492135430553	0.3124069478908188	0.2849032258064516	0.4659778225806451	0.2849032258064516	0.2663165791447861	0.3124069478908188	0.3966155473294553	0.3825757575757575	0.3740399385560676	0.13560606060606062	0.16206709956709953	0.19106699751861037	0.20077419354838713	0.22555638909727432	0.16538658474142343	0.13560606060606062	0.1571041615365673	0.08382209188660797	0.11696626446688006	0.2061688311688311	
0.07458064516129033	0.10579937304075232	0.1847961990497624	0.06711758584807488	-0.0141129032258064	0.1310325476992144	-0.026284348864993947	0.22821969696969693	0.17676767676767677	0.27327563598216625	0.3885971492873218	0.24884792626728106	0.29057859703020994	0.3187042842215256	0.31397306397306407	0.48902821316614414	0.6048484848484847	0.5060606060606061	0.43402777777777773	0.6016617790811339	1.0	0.6359801488833745	0.5219941348973606	0.6167711598746082	0.4870180959874114	0.5704874835309618	0.3825757575757575	0.585979171958344	0.5883838383838383	0.4701175293823456	0.383820564516129	0.35285359801488825	0.5481350806451613	0.3612852664576803	0.36265884652981417	0.3478369592398099	0.43006993006993005	0.45666666666666667	0.42037084074168146	0.3825757575757575	0.45666666666666667	0.4701175293823456	0.41109677419354834	0.3825757575757575	0	1.0	0.20332355816226777	0.42489919354838707	0.38257575757575757	0.3176557498153164	0.40249266862170086	0.3825757575757575	0.38257575757575757	0.40386624869383486	0.3002525252525252	0.40386624869383486	0.42037084074168146	0.3612852664576803	0.383820564516129	0.3187042842215256	0.43508397760597173	0.1506203473945409	0.20077419354838713	0.34274193548387094	0.20077419354838713	0.22555638909727432	0.23151364764267987	0.31041776837652035	0.3350815850815851	0.24884792626728106	0.012121212121212144	0.029761904761904743	0.1506203473945409	-0.031409168081493966	0.0625156289072268	-0.14734088927637318	0.0532828282828283	0.0768283673971928	0.043988269794721375	0.036690470327505546	0.029761904761904743	
0.2096969696969697	0.22175066312997346	0.2342024900164435	0.24315738025415448	0.13798076923076918	0.30341880341880345	0.024786324786324837	0.37307692307692303	0.24769230769230774	0.2771618625277162	0.3873619920131548	0.411976911976912	0.411976911976912	0.48116710875331553	0.4427350427350427	0.5244031830238727	0.5987692307692306	0.6238461538461538	0.6342948717948717	0.757320099255583	0.6359801488833745	1.0	0.7977667493796523	0.7405835543766578	0.5181079083518109	0.6183946488294314	0.5177514792899408	0.5332856120257696	0.6238461538461539	0.5405214940098662	0.498342803030303	0.4300699300699301	0.5369318181818182	0.3514588859416446	0.47419354838709665	0.3873619920131548	0.46952662721893484	0.49846153846153834	0.4943927463612503	0.552197802197802	0.49846153846153834	0.5405214940098662	0.4072727272727273	0.6238461538461538	0	0.9999999999999999	0.47419354838709665	0.6141098484848484	0.6238461538461539	0.49062499999999987	0.5550868486352356	0.5074175824175823	0.45666666666666667	0.3514588859416446	0.3730769230769231	0.3514588859416446	0.416607015032212	0.3946949602122016	0.30539772727272724	0.3082228116710875	0.4284998747808665	0.1641025641025641	0.1701818181818182	0.34398674242424243	0.2096969696969697	0.2724923655156214	0.2400932400932401	0.27123695976154993	0.3248520710059172	0.2551707551707552	0.1641025641025641	0.14917582417582412	0.12610722610722613	0.13066666666666665	0.11933286351891004	0.019961519961519996	0.1641025641025641	0.0987980769230769	0.06972704714640197	0.0596153846153846	0.14917582417582412	
0.24283870967741933	0.23354231974921627	0.2663165791447861	0.27913631633714875	0.1571041615365673	0.17676767676767682	-0.026284348864993947	0.2796717171717171	0.21792929292929292	0.27327563598216625	0.3885971492873218	0.45750128008192514	0.45750128008192514	0.44644723092998956	0.3597081930415264	0.5316091954022988	0.5554545454545454	0.753030303030303	0.6398358585858585	0.6414956011730204	0.5219941348973606	0.7977667493796523	1.0	0.7019331243469175	0.5725150799895096	0.6241765480895917	0.3825757575757575	0.5031750063500127	0.5060606060606061	0.5516379094773692	0.5070564516129031	0.514640198511166	0.4659778225806451	0.3187042842215256	0.48216031280547406	0.3885971492873218	0.4775641025641025	0.45666666666666667	0.46177292354584715	0.4707792207792207	0.45666666666666667	0.5516379094773692	0.4531612903225806	0.5060606060606061	0	0.5883838383838383	0.48216031280547406	0.6302923387096774	0.5883838383838383	0.4380694410243781	0.48216031280547406	0.4707792207792207	0.4237373737373737	0.3187042842215256	0.4237373737373737	0.3612852664576803	0.42037084074168146	0.40386624869383486	0.383820564516129	0.40386624869383486	0.5654492135430553	0.19106699751861037	0.20077419354838713	0.3016633064516129	0.20077419354838713	0.2663165791447861	0.19106699751861037	0.2242199894235854	0.24009324009324007	0.24884792626728106	0.21792929292929292	0.07386363636363634	0.11017369727047144	0.07458064516129033	0.0625156289072268	0.08192524321556577	0.17676767676767677	0.036690470327505546	0.043988269794721375	0.0768283673971928	0.11796536796536793	
0.1906206896551724	0.1191456510550695	0.2157177225340818	0.13876529477196883	0.14187944195841012	0.1440022111663903	-0.16730523627075347	0.2397388059701492	0.23930515945035002	0.360246705915335	0.43357391071905915	0.3754789272030651	0.4200875752599891	0.4127637673700463	0.3242122719734661	0.4966546577457539	0.4161194029850746	0.6350746268656717	0.4424751243781094	0.5741901776384535	0.6167711598746082	0.7405835543766578	0.7019331243469175	1.0	0.6801233529576675	0.682673588578845	0.6257175660160734	0.6016834102633722	0.535130930775214	0.5642876236300455	0.47306034482758624	0.4379310344827586	0.5169719827586207	0.3708183221821925	0.44644723092998956	0.47714514835605454	0.39179104477611937	0.4647761194029851	0.4246538148248711	0.5655650319829424	0.3188059701492537	0.47714514835605454	0.4604137931034482	0.3917910447761194	0	0.5945273631840796	0.44644723092998956	0.6487068965517242	0.5773917552501945	0.5280336930771256	0.5741901776384535	0.4352345415778251	0.3660876328752917	0.28692743180648483	0.40834845735027225	0.32887287699433865	0.4246538148248711	0.32887287699433865	0.3413254310344828	0.4127637673700463	0.44257623254488454	0.17851458885941646	0.280551724137931	0.47306034482758624	0.3255172413793104	0.3464314354450682	0.3514588859416446	0.30893159977388357	0.25143513203214696	0.2416529830322934	0.11252268602540838	0.13113006396588484	0.17851458885941646	0.1456551724137931	0.1285752472600909	0.06321839080459772	0.15478351050038894	0.14187944195841012	0.06321839080459768	0.013161358252171651	0.1745735607675906	
0.19790329482242194	0.223156714325764	0.25944524151123866	0.15051073587658953	0.21316056910569106	0.16561276723878354	0.11653116531165315	0.39261517615176145	0.20487804878048788	0.23800813008130078	0.3763749402199905	0.28367391782025925	0.3194902219292463	0.4516400336417157	0.3619391749473051	0.6801233529576675	0.5759349593495934	0.602439024390244	0.4478319783197832	0.4870180959874114	0.4870180959874114	0.5181079083518109	0.5725150799895096	0.6801233529576675	1.0000000000000002	0.7695298692117356	0.6941838649155723	0.6686991869918699	0.6466124661246614	0.6492109038737447	0.5077816492450639	0.6787386055678739	0.5077816492450639	0.4973366975049061	0.4870180959874114	0.4543280726924917	0.49030644152595376	0.5759349593495934	0.41102077687443545	0.6213704994192799	0.4169105691056911	0.5322812051649929	0.4768934531450579	0.469918699186992	0	1.0	0.4870180959874114	0.5456445993031358	0.5582655826558266	0.4616361788617886	0.4870180959874114	0.4793844367015098	0.5140921409214092	0.3145500420521447	0.4257452574525746	0.360246705915335	0.484643179765131	0.4059433697785254	0.31846689895470376	0.360246705915335	0.4274793388429752	0.23700418822370045	0.23277706461275147	0.3563298490127758	0.2676508344030809	0.10353897656623626	0.23700418822370045	0.19836065573770495	0.28642901813633526	0.1762250054932982	0.16070460704607048	0.14808362369337977	0.07637349100763735	0.09328198545143354	0.06456241032998566	0.06877609316633705	0.11653116531165314	0.13033536585365854	0.10228166797797004	0.04751016260162603	0.14808362369337977	
0.14956521739130443	0.10090850097339393	0.23087293562521072	0.19985974754558206	0.13441752406239632	0.16624040920716115	0.009910485933503872	0.18423522051923683	0.25400457665903897	0.2509720749381407	0.34074823053589487	0.3250517598343686	0.38129744651483793	0.31245944192083064	0.3225703324808184	0.5768981181051265	0.4864524259609326	0.5342857142857144	0.2862058179543322	0.5167984189723321	0.5704874835309618	0.6183946488294314	0.6241765480895917	0.682673588578845	0.7695298692117356	1.0	0.6896223421136147	0.7209859637110579	0.6270022883295195	0.7253117627232896	0.6677989130434782	0.6183946488294314	0.7231657608695653	0.47112264763140815	0.5704874835309618	0.5055611729019213	0.4309742938749604	0.5378071833648393	0.6093803491954812	0.5841836734693877	0.4350976685570259	0.8351870576339738	0.6031304347826089	0.5342857142857144	0	1.0	0.6241765480895917	0.7785326086956522	0.7868584504740113	0.6213076667772984	0.5704874835309618	0.42254428341384875	0.4671461261850278	0.31245944192083064	0.5737169009480223	0.47112264763140815	0.4419719274221158	0.31245944192083064	0.28023097826086957	0.25957170668397145	0.41430111390585705	0.2367892976588629	0.20626086956521747	0.3909646739130435	0.20626086956521747	0.23087293562521072	0.345819397993311	0.3610121168923736	0.1205966359885751	0.21256038647343004	0.20071918927754173	0.10756843800322066	0.12775919732441474	0.14956521739130443	0.06605999325918444	0.10006901311249145	0.0941484145145473	0.13441752406239632	0.08728590250329382	0.13441752406239632	0.21256038647342998	
0.19753846153846155	0.01750861079219289	0.22242098986285036	0.14050868486352355	0.13857897827363477	0.21634615384615385	-0.07122507122507112	0.10766423357664234	0.10439560439560444	0.18449030644152598	0.22242098986285036	0.20390720390720393	0.3034188034188035	0.20464982778415614	0.21634615384615385	0.39179104477611937	0.3337226277372262	0.2861313868613139	0.20681265206812652	0.28758741258741255	0.3825757575757575	0.5177514792899408	0.3825757575757575	0.6257175660160734	0.6941838649155723	0.6896223421136147	1.0	0.6544518473652332	0.5757663389242337	0.6112104949314252	0.5102163461538461	0.421301775147929	0.5591947115384616	0.39179104477611937	0.4775641025641025	0.4168157423971378	0.3135878719820326	0.4764963503649635	0.4569957601453664	0.6600625651720541	0.2861313868613139	0.5140131186642815	0.3981538461538462	0.4051094890510949	0	0.20681265206812652	0.43006993006993005	0.5591947115384616	0.5286292654713708	0.47357604227833233	0.3350815850815851	0.34985754985754997	0.29294389820705613	0.15786452353616534	0.34008097165991913	0.20464982778415614	0.35826771653543305	0.20464982778415614	0.1183894230769231	0.15786452353616534	0.222822631913541	0.2766272189349112	0.29784615384615387	0.4122596153846154	0.29784615384615387	0.22242098986285036	0.2284023668639053	0.28058007566204296	0.17630544637843912	0.10439560439560444	0.15153267784846738	0.11766381766381769	0.1319526627218935	0.19753846153846155	0.0766249254621348	0.05463980463980468	0.10439560439560444	0.13857897827363477	0.1451048951048951	0.09072225484439227	0.16410256410256413	
0.05822222222222224	0.0705946239478686	0.13177396943029182	0.050627240143369154	0.07750984251968504	0.04928550597841938	0.09682123067949841	0.30479002624671914	0.18713910761154856	0.1533423667570009	0.28276980083371933	0.1735008818342152	0.28130511463844804	0.33613901710562044	0.2394284047827355	0.5574260114037469	0.4866141732283464	0.6149606299212599	0.3582677165354331	0.585979171958344	0.585979171958344	0.5332856120257696	0.5031750063500127	0.6016834102633722	0.6686991869918699	0.7209859637110579	0.6544518473652332	1.0000000000000002	0.7005249343832021	0.735757295044002	0.48661417322834655	0.6499642090193274	0.5232845894263217	0.4246538148248711	0.5031750063500127	0.4337656322371469	0.4569957601453664	0.5892913385826771	0.3939195100612424	0.7249718785151855	0.5379527559055118	0.5470125057897176	0.5291111111111111	0.7433070866141733	0	1.0000000000000002	0.46177292354584715	0.4499437570303712	0.5293963254593176	0.43848425196850405	0.42037084074168146	0.49578177727784023	0.5721784776902887	0.4689112136844963	0.40104986876640425	0.33613901710562044	0.3582677165354331	0.33613901710562044	0.22992125984251974	0.3803964159652457	0.3264462809917355	0.2610355523741351	0.1306666666666667	0.33993250843644546	0.20311111111111113	0.16952292728114873	0.22214268670961584	0.29485428051001816	0.3089036947304664	0.1735008818342152	0.0587926509186352	0.12907761529808773	0.06657122405153902	0.05822222222222224	0.09402501157943494	0.029761904761904785	0.14435695538057744	0.07750984251968504	0.047752095504190996	0.0374015748031496	0.08323959505061868	
0.26106666666666667	0.15478351050038894	0.19974160206718347	0.12365591397849461	0.17048346055979646	0.13756613756613761	0.04678362573099419	0.2850877192982456	0.18295739348370932	0.2490514905149052	0.3260981912144703	0.3100529100529102	0.35317460317460325	0.32382680840031114	0.36452241715399614	0.40834845735027225	0.46075187969924813	0.5097744360902257	0.33615288220551376	0.5883838383838383	0.5883838383838383	0.6238461538461539	0.5060606060606061	0.535130930775214	0.6466124661246614	0.6270022883295195	0.5757663389242337	0.7005249343832021	1.0	0.7051679586563308	0.49062500000000003	0.45666666666666667	0.5330729166666667	0.32382680840031114	0.4237373737373737	0.452454780361757	0.29294389820705613	0.46075187969924813	0.4866141732283465	0.6498388829215896	0.41172932330827067	0.5366925064599484	0.43493333333333334	0.2646616541353384	0	0.5914786967418547	0.3002525252525252	0.4057291666666667	0.4280701754385966	0.3778625954198473	0.4237373737373737	0.43098818474758327	0.26466165413533843	0.2815659839253306	0.3055137844611529	0.40834845735027225	0.4866141732283465	0.3660876328752917	0.3208333333333334	0.23930515945035002	0.4611570247933886	0.2894871794871795	0.26106666666666667	0.4481770833333334	0.3045333333333334	0.3260981912144703	0.33128205128205135	0.4210382513661202	0.43435511856564496	0.35317460317460325	0.1421052631578948	0.2121374865735768	0.2058974358974359	0.21760000000000007	0.2839793281653747	0.13756613756613761	0.1421052631578948	0.17048346055979646	0.13560606060606062	0.12900763358778627	0.2121374865735768	
0.15623529411764714	0.1285752472600909	0.14523483812129506	0.11076850094876659	0.13129844961240308	0.1576227390180879	0.06402526557565323	0.31556847545219635	0.24186046511627912	0.25944524151123866	0.293889648882809	0.3151260504201681	0.3531746031746032	0.47714514835605454	0.3916164226241747	0.5642876236300455	0.5451162790697675	0.4945736434108528	0.4735142118863049	0.5516379094773692	0.4701175293823456	0.5405214940098662	0.5516379094773692	0.5642876236300455	0.6492109038737447	0.7253117627232896	0.6112104949314252	0.735757295044002	0.7051679586563308	1.0000000000000002	0.6629136029411765	0.6553911205073997	0.6254595588235294	0.5642876236300455	0.5108777194298574	0.5168718650250799	0.5140131186642815	0.595658914728682	0.4715145900880037	0.9097452934662236	0.4945736434108527	0.5540355677154584	0.5781176470588235	0.6209302325581396	0	0.5788113695090439	0.4701175293823456	0.5130974264705882	0.5366925064599484	0.4471899224806202	0.4701175293823456	0.5035991140642303	0.4945736434108528	0.39000267308206366	0.452454780361757	0.47714514835605454	0.39601667438629007	0.39000267308206366	0.28837316176470584	0.3464314354450682	0.4056878949927079	0.349072116513977	0.2329411764705883	0.36328124999999994	0.2329411764705883	0.25672594619243055	0.2342024900164435	0.41055930568948895	0.4168157423971378	0.2390289449112979	0.19974160206718347	0.1877076411960133	0.15762273901808788	0.15623529411764714	0.1823985408116736	0.12488328664799254	0.19974160206718347	0.13129844961240308	0.14403600900225053	0.21027131782945738	0.23283499446290143	
0.21760000000000002	0.25350215517241387	0.21346507352941174	0.13617511520737327	0.12451171874999994	0.19820601851851852	0.05671296296296297	0.3102213541666666	0.19348958333333335	0.2806039488966318	0.2509191176470588	0.2977324263038549	0.4086167800453514	0.38523706896551724	0.4340277777777778	0.5169719827586207	0.5924999999999998	0.6179687500000001	0.5755208333333331	0.5481350806451613	0.383820564516129	0.498342803030303	0.5070564516129031	0.47306034482758624	0.5077816492450639	0.6677989130434782	0.5102163461538461	0.48661417322834655	0.49062500000000003	0.6629136029411765	0.9999999999999999	0.6526988636363636	0.5997767857142857	0.6047952586206897	0.5481350806451613	0.4756433823529412	0.5591947115384616	0.7453124999999998	0.559955005624297	0.9090401785714285	0.5415625	0.5505514705882353	0.5529142857142856	0.87265625	0	0.5755208333333331	0.6302923387096774	0.6361607142857142	0.6604166666666667	0.6418457031249998	0.5892137096774194	0.5452008928571428	0.49062500000000003	0.47306034482758624	0.5330729166666667	0.42914870689655177	0.413273340832396	0.42914870689655177	0.3450892857142856	0.38523706896551724	0.3456906729634002	0.34398674242424243	0.21760000000000002	0.2723214285714285	0.18034285714285714	0.17601102941176472	0.22821969696969693	0.2747072599531616	0.4122596153846154	0.2238095238095238	0.15104166666666669	0.18136160714285712	0.18963068181818185	0.14308571428571432	0.13855698529411764	0.11292517006802719	0.10859375000000002	0.16430664062499994	0.1784274193548387	0.20410156249999997	0.22684151785714282	
0.1701818181818182	0.2649867374005305	0.19591261451726574	0.16348973607038128	0.1771634615384615	0.1176638176638177	0.1176638176638177	0.32083333333333325	0.24769230769230774	0.317319536831732	0.3107822410147992	0.2551707551707552	0.33357383357383363	0.3514588859416446	0.34985754985754985	0.5676392572944297	0.4483076923076923	0.6238461538461538	0.4253205128205127	0.47419354838709665	0.35285359801488825	0.4300699300699301	0.514640198511166	0.4379310344827586	0.6787386055678739	0.6183946488294314	0.421301775147929	0.6499642090193274	0.45666666666666667	0.6553911205073997	0.6526988636363636	1.0	0.6141098484848484	0.6108753315649866	0.5550868486352356	0.42565186751233264	0.5659763313609466	0.5987692307692306	0.45549988069673114	0.731318681318681	0.4483076923076923	0.5405214940098662	0.7233939393939394	0.7492307692307691	0	0.582051282051282	0.47419354838709665	0.498342803030303	0.4984615384615385	0.49062499999999987	0.47419354838709665	0.552197802197802	0.5402564102564102	0.3514588859416446	0.4984615384615385	0.4379310344827586	0.3777141493676927	0.48116710875331553	0.3825757575757575	0.3514588859416446	0.46932131229651897	0.3540792540792541	0.2887272727272727	0.34398674242424243	0.2096969696969697	0.11933286351891004	0.12610722610722613	0.27123695976154993	0.37307692307692303	0.21596921596921598	0.1641025641025641	0.19395604395604388	0.1641025641025641	0.13066666666666665	0.15762273901808788	0.09836459836459839	0.1641025641025641	0.13798076923076918	0.029280397022332504	0.13798076923076918	0.19395604395604388	
0.14308571428571432	0.2095905172413793	0.21346507352941174	0.13617511520737327	0.20410156249999997	0.29253472222222227	0.10387731481481483	0.41634114583333326	0.4057291666666667	0.3941927990708478	0.400735294117647	0.3716553287981859	0.48253968253968255	0.47306034482758624	0.4340277777777778	0.6487068965517242	0.6434375	0.6179687500000001	0.5224609374999999	0.5481350806451613	0.5481350806451613	0.5369318181818182	0.4659778225806451	0.5169719827586207	0.5077816492450639	0.7231657608695653	0.5591947115384616	0.5232845894263217	0.5330729166666667	0.6254595588235294	0.5997767857142857	0.6141098484848484	0.9999999999999999	0.8243534482758621	0.7535282258064515	0.6629136029411765	0.8040865384615384	0.8471875	0.6332958380202476	0.9090401785714285	0.6434375	0.6629136029411765	0.701942857142857	0.6179687500000001	0	1.0	0.5892137096774194	0.6361607142857142	0.6604166666666667	0.5622558593749999	0.5481350806451613	0.6361607142857142	0.5330729166666667	0.5608836206896551	0.6179687500000001	0.5608836206896551	0.4499437570303712	0.6047952586206897	0.41785714285714276	0.42914870689655177	0.46115702479338844	0.4211647727272727	0.3666285714285714	0.41785714285714276	0.2921142857142857	0.21346507352941174	0.30539772727272724	0.46557377049180326	0.5591947115384616	0.2977324263038549	0.19348958333333335	0.22684151785714282	0.22821969696969693	0.14308571428571432	0.17601102941176472	0.07596371882086166	0.15104166666666669	0.16430664062499994	0.09627016129032256	0.20410156249999997	0.22684151785714282	
0.1906206896551724	0.20303654143077715	0.17214648489708637	0.13876529477196883	0.14187944195841012	0.09894969596462137	0.09894969596462137	0.29042288557213924	0.2815659839253306	0.4516400336417157	0.39000267308206366	0.33087027914614126	0.33087027914614126	0.4127637673700463	0.369264787175235	0.4127637673700463	0.3674626865671642	0.5134328358208956	0.29042288557213924	0.40386624869383486	0.3612852664576803	0.3514588859416446	0.3187042842215256	0.3708183221821925	0.4973366975049061	0.47112264763140815	0.39179104477611937	0.4246538148248711	0.32382680840031114	0.5642876236300455	0.6047952586206897	0.6108753315649866	0.8243534482758621	1.0	0.6167711598746082	0.6514300989040365	0.48536165327210096	0.6594029850746269	0.6459408091229976	0.7393390191897654	0.5134328358208955	0.5642876236300455	0.6402758620689655	0.3917910447761194	0	0.18905472636815918	0.48902821316614414	0.6047952586206897	0.49287010630023337	0.570939720979205	0.44644723092998956	0.5221215351812366	0.49287010630023337	0.4127637673700463	0.45060928182525284	0.3708183221821925	0.4246538148248711	0.4547092125579001	0.38523706896551724	0.32887287699433865	0.44257623254488454	0.3946949602122016	0.3704827586206896	0.38523706896551724	0.3255172413793104	0.17214648489708637	0.17851458885941646	0.4471452798191068	0.3450057405281286	0.28626163108921726	0.11252268602540838	0.21801705756929635	0.22175066312997346	0.1906206896551724	0.17214648489708637	0.15243568691844553	0.15478351050038894	0.1847854698604896	0.10579937304075232	0.14187944195841012	0.1745735607675906	
0.20077419354838713	0.27612330198537094	0.30707676919229804	0.23673257023933392	0.2373799556759419	0.17676767676767682	0.1310325476992144	0.33112373737373735	0.34141414141414145	0.3160241279832152	0.3478369592398099	0.3323092677931387	0.41577060931899634	0.40386624869383486	0.31397306397306407	0.48902821316614414	0.5554545454545454	0.5060606060606061	0.48547979797979796	0.4423264907135874	0.36265884652981417	0.47419354838709665	0.48216031280547406	0.44644723092998956	0.4870180959874114	0.5704874835309618	0.4775641025641025	0.5031750063500127	0.4237373737373737	0.5108777194298574	0.5481350806451613	0.5550868486352356	0.7535282258064515	0.6167711598746082	1.0	0.6331582895723931	0.5250582750582751	0.7036363636363635	0.5445770891541782	0.7353896103896103	0.506060606060606	0.6331582895723931	0.6214193548387096	0.2590909090909091	0	0.17676767676767674	0.5618279569892473	0.6302923387096774	0.5883838383838383	0.4782073380940655	0.5219941348973606	0.6030844155844154	0.5060606060606061	0.3612852664576803	0.5472222222222223	0.44644723092998956	0.46177292354584715	0.48902821316614414	0.5070564516129031	0.48902821316614414	0.4785390562516662	0.47419354838709665	0.49522580645161285	0.4659778225806451	0.3690322580645161	0.2663165791447861	0.3124069478908188	0.4397144368059228	0.43006993006993005	0.41577060931899634	0.21792929292929292	0.33847402597402587	0.2719602977667493	0.2849032258064516	0.2663165791447861	0.24884792626728106	0.21792929292929292	0.2775178527456291	0.16348973607038117	0.2373799556759419	0.33847402597402587	
0.15623529411764714	0.25928896017107733	0.25672594619243055	0.18809297912713469	0.24975775193798447	0.11082400229687057	0.1576227390180879	0.5261627906976744	0.3260981912144703	0.33739837398373984	0.293889648882809	0.3531746031746032	0.5053688141923437	0.47714514835605454	0.3448176859029573	0.47714514835605454	0.44403100775193804	0.6209302325581396	0.4735142118863049	0.5108777194298574	0.3478369592398099	0.3873619920131548	0.3885971492873218	0.47714514835605454	0.4543280726924917	0.5055611729019213	0.4168157423971378	0.4337656322371469	0.452454780361757	0.5168718650250799	0.4756433823529412	0.42565186751233264	0.6629136029411765	0.6514300989040365	0.6331582895723931	1.0000000000000002	0.6112104949314252	0.6967441860465117	0.6225104214914314	0.8194905869324475	0.6967441860465117	0.6283629730962154	0.5397647058823529	0.36821705426356593	0	0.5788113695090439	0.5923980995248812	0.5130974264705882	0.5366925064599484	0.40770348837209297	0.4701175293823456	0.5487264673311184	0.452454780361757	0.6514300989040365	0.6209302325581396	0.5642876236300455	0.5092635479388608	0.47714514835605454	0.43818933823529405	0.52071638599305	0.4453087019931941	0.349072116513977	0.42470588235294116	0.43818933823529405	0.3863529411764706	0.3310533515731875	0.42565186751233264	0.6070395371263261	0.6112104949314252	0.4673202614379085	0.15762273901808788	0.23283499446290143	0.2342024900164435	0.2329411764705883	0.25672594619243055	0.20098039215686275	0.15762273901808788	0.24975775193798447	0.1847961990497624	0.21027131782945738	0.3230897009966777	
0.1473846153846154	0.15786452353616534	0.22242098986285036	0.14050868486352355	0.1864357017028773	0.21634615384615385	0.031957013574660645	0.3059610705596107	0.34008097165991913	0.38836772983114454	0.4168157423971378	0.5024420024420025	0.5024420024420025	0.43857634902411025	0.3546380090497738	0.6257175660160734	0.3813138686131387	0.4051094890510949	0.504257907542579	0.43006993006993005	0.43006993006993005	0.46952662721893484	0.4775641025641025	0.39179104477611937	0.49030644152595376	0.4309742938749604	0.3135878719820326	0.4569957601453664	0.29294389820705613	0.5140131186642815	0.5591947115384616	0.5659763313609466	0.8040865384615384	0.48536165327210096	0.5250582750582751	0.6112104949314252	1.0	0.6192700729927006	0.5557238037552998	0.6600625651720541	0.42890510948905103	0.5626118067978533	0.6990769230769232	0.5240875912408759	0	0.20681265206812652	0.4775641025641025	0.608173076923077	0.5757663389242337	0.5214327657075748	0.43006993006993005	0.48917378917378923	0.43435511856564496	0.5321469575200918	0.5286292654713708	0.39179104477611937	0.4076317383403998	0.39179104477611937	0.5102163461538461	0.39179104477611937	0.48188175460902744	0.3248520710059172	0.348	0.4122596153846154	0.29784615384615387	0.22242098986285036	0.2766272189349112	0.4861286254728878	0.4051094890510949	0.3034188034188035	0.15153267784846738	0.11766381766381769	0.2284023668639053	0.0470769230769231	0.0766249254621348	-0.15280665280665273	0.10439560439560444	0.13857897827363477	0.09761072261072262	0.1864357017028773	0.11766381766381769	
0.11328	0.17283582089552238	0.19131782945736436	0.10612903225806447	0.10412213740458015	0.185	0.13705882352941176	0.3109903381642512	0.46075187969924813	0.4169105691056911	0.39348837209302323	0.48253968253968255	0.6895238095238094	0.4647761194029851	0.4247058823529411	0.5620895522388059	0.527536231884058	0.4094202898550724	0.36020531400966177	0.506060606060606	0.45666666666666667	0.49846153846153834	0.45666666666666667	0.4647761194029851	0.5759349593495934	0.5378071833648393	0.4764963503649635	0.5892913385826771	0.46075187969924813	0.595658914728682	0.7453124999999998	0.5987692307692306	0.8471875	0.6594029850746269	0.7036363636363635	0.6967441860465117	0.6192700729927006	1.0	0.7946456692913386	0.6625258799171843	0.527536231884058	0.6967441860465117	0.7913600000000001	0.4094202898550724	0	0.6062801932367149	0.7036363636363635	0.7453124999999998	0.7058646616541353	0.7013740458015265	0.6048484848484847	0.6136296296296296	0.6568421052631579	0.5620895522388059	0.5587969924812031	0.5134328358208955	0.5892913385826771	0.4647761194029851	0.5924999999999998	0.5134328358208955	0.5150413223140496	0.4483076923076923	0.42624	0.5415625	0.47839999999999994	0.2418604651162791	0.348	0.4121311475409836	0.3813138686131387	0.379047619047619	0.16661654135338344	0.22725925925925927	0.24769230769230766	0.16544	0.19131782945736436	0.22380952380952382	0.11759398496240601	0.2534351145038168	0.2096969696969697	0.15389312977099234	0.178962962962963	
0.1306666666666667	0.1591094216671192	0.2450208429828625	0.12365591397849462	0.19783464566929138	0.14435695538057744	0.04928550597841938	0.5187007874015748	0.2727034120734908	0.33739837398373984	0.28276980083371933	0.38910934744268083	0.4250440917107584	0.4246538148248711	0.38203557888597267	0.4689112136844963	0.5379527559055118	0.7433070866141733	0.5187007874015748	0.5445770891541782	0.42037084074168146	0.4943927463612503	0.46177292354584715	0.4246538148248711	0.41102077687443545	0.6093803491954812	0.4569957601453664	0.3939195100612424	0.4866141732283465	0.4715145900880037	0.559955005624297	0.45549988069673114	0.6332958380202476	0.6459408091229976	0.5445770891541782	0.6225104214914314	0.5557238037552998	0.7946456692913386	1.0000000000000002	0.9083239595050617	0.8459842519685039	0.773506252894859	0.5291111111111111	0.6149606299212599	0	0.5721784776902887	0.585979171958344	0.48661417322834655	0.6149606299212599	0.4785925196850394	0.5031750063500127	0.5416197975253093	0.6149606299212599	0.6901982079826229	0.5721784776902887	0.5131686125441216	0.5008748906386703	0.6016834102633722	0.413273340832396	0.3803964159652457	0.47612488521579427	0.33882128370317355	0.348	0.3766029246344208	0.348	0.2450208429828625	0.2999284180386543	0.4433060109289617	0.5557238037552998	0.38910934744268083	0.14435695538057744	0.1749156355455568	0.22214268670961584	0.1668888888888889	0.16952292728114873	0.13756613756613761	0.10157480314960632	0.19783464566929138	0.13055626111252222	0.11761811023622047	0.22075365579302586	
0.348	0.044243070362473345	0.36821705426356593	0.24884792626728108	0.2889858233369684	0.22951680672268904	0.0582983193277311	0.2461459403905447	0.29967776584317946	0.33739837398373984	0.36821705426356593	0.5379818594104309	0.6303854875283446	0.5655650319829424	0.48634453781512604	0.652452025586354	0.4094202898550725	0.34362416107382543	0.5811921891058582	0.5589826839826839	0.3825757575757575	0.552197802197802	0.4707792207792207	0.5655650319829424	0.6213704994192799	0.5841836734693877	0.6600625651720541	0.7249718785151855	0.6498388829215896	0.9097452934662236	0.9090401785714285	0.731318681318681	0.9090401785714285	0.7393390191897654	0.7353896103896103	0.8194905869324475	0.6600625651720541	0.6625258799171843	0.9083239595050617	1.0	0.7468944099378882	0.9097452934662236	0.9068571428571428	0.4530201342281879	0	-1.0	0.6471861471861471	0.7271205357142857	0.7373791621911924	0.733369683751363	0.6471861471861471	0.655026455026455	0.5622986036519872	0.5655650319829424	0.7373791621911924	0.47867803837953093	0.7249718785151855	0.47867803837953093	0.5452008928571428	0.47867803837953093	0.7113341204250294	0.6417582417582417	0.6274285714285713	0.7271205357142857	0.6274285714285713	0.36821705426356593	0.28351648351648345	0.6182669789227166	0.32012513034410844	0.44557823129251695	0.2121374865735768	0.3100529100529101	0.37307692307692303	0.2548571428571429	0.2779623477297896	0.16836734693877548	0.29967776584317946	0.11123227917121045	0.11796536796536793	0.2889858233369684	0.3100529100529101	
0.11328	0.17283582089552238	0.2418604651162791	0.2112903225806451	0.15389312977099234	0.08911764705882355	0.08911764705882355	0.36020531400966177	0.2646616541353383	0.2048780487804878	0.2418604651162791	0.379047619047619	0.379047619047619	0.3674626865671642	0.2329411764705882	0.4161194029850746	0.33855072463768116	0.5275362318840581	0.40942028985507245	0.5554545454545454	0.45666666666666667	0.49846153846153834	0.45666666666666667	0.3188059701492537	0.4169105691056911	0.4350976685570259	0.2861313868613139	0.5379527559055118	0.41172932330827067	0.4945736434108527	0.5415625	0.4483076923076923	0.6434375	0.5134328358208955	0.506060606060606	0.6967441860465117	0.42890510948905103	0.527536231884058	0.8459842519685039	0.7468944099378882	1.0	0.8989147286821706	0.7392	0.6456521739130435	0	0.6062801932367149	0.506060606060606	0.5415625	0.5587969924812031	0.40274809160305336	0.45666666666666667	0.4687407407407408	0.5587969924812031	0.6107462686567163	0.5097744360902255	0.5134328358208955	0.6919685039370078	0.5134328358208955	0.43968749999999995	0.3674626865671642	0.6228099173553718	0.4483076923076923	0.42624	0.5415625	0.47839999999999994	0.3429457364341086	0.348	0.6793442622950819	0.42890510948905103	0.586031746031746	0.16661654135338344	0.27555555555555555	0.14738461538461536	0.16544	0.14077519379844963	0.22380952380952382	0.11759398496240601	0.10412213740458015	0.1109090909090909	0.10412213740458015	0.178962962962963	
0.1178823529411765	0.17214648489708637	0.25672594619243055	0.14943074003795068	0.17078488372093023	0.1576227390180879	0.06402526557565323	0.42086563307493535	0.2839793281653747	0.25944524151123866	0.25672594619243055	0.3531746031746032	0.3531746031746032	0.3464314354450682	0.3448176859029573	0.52071638599305	0.5451162790697675	0.7472868217054264	0.5261627906976744	0.5923980995248812	0.4701175293823456	0.5405214940098662	0.5516379094773692	0.47714514835605454	0.5322812051649929	0.8351870576339738	0.5140131186642815	0.5470125057897176	0.5366925064599484	0.5540355677154584	0.5505514705882353	0.5405214940098662	0.6629136029411765	0.5642876236300455	0.6331582895723931	0.6283629730962154	0.5626118067978533	0.6967441860465117	0.773506252894859	0.9097452934662236	0.8989147286821706	1.0000000000000002	0.6164705882352942	0.7472868217054264	0	1.0	0.5923980995248812	0.5880055147058822	0.7051679586563308	0.5656492248062016	0.5923980995248812	0.5938538205980065	0.5788113695090439	0.5642876236300455	0.6209302325581396	0.6078588612670409	0.5470125057897176	0.5642876236300455	0.43818933823529405	0.39000267308206366	0.5641711229946524	0.349072116513977	0.3863529411764706	0.43818933823529405	0.3096470588235295	0.21956224350205203	0.3107822410147992	0.5284474445515912	0.5140131186642815	0.39122315592903834	0.19974160206718347	0.23283499446290143	0.15762273901808788	0.19458823529411767	0.14523483812129506	0.20098039215686275	0.15762273901808788	0.17078488372093023	0.10327581895473867	0.17078488372093023	0.23283499446290143	
0.07347368421052634	0.0557241379310345	0.1178823529411765	0.031409168081494084	0.06275000000000001	0.17896296296296305	0.03407407407407415	0.23933333333333331	0.39146666666666674	0.30252460419341043	0.3096470588235295	0.33037837837837836	0.40086486486486483	0.3704827586206896	0.32385185185185195	0.6402758620689655	0.42624	0.6088000000000001	0.45666666666666667	0.41109677419354834	0.41109677419354834	0.4072727272727273	0.4531612903225806	0.4604137931034482	0.4768934531450579	0.6031304347826089	0.3981538461538462	0.5291111111111111	0.43493333333333334	0.5781176470588235	0.5529142857142856	0.7233939393939394	0.701942857142857	0.6402758620689655	0.6214193548387096	0.5397647058823529	0.6990769230769232	0.7913600000000001	0.5291111111111111	0.9068571428571428	0.7392	0.6164705882352942	1.0	0.6088000000000001	0	0.5653333333333332	0.5793548387096774	0.6274285714285714	0.6522666666666667	0.5517500000000001	0.5793548387096774	0.7205714285714285	0.6088	0.5503448275862068	0.5653333333333335	0.5053793103448275	0.38422222222222224	0.5503448275862068	0.4411428571428571	0.41544827586206895	0.39734667246628974	0.4072727272727273	0.2793684210526316	0.40388571428571424	0.2793684210526316	0.2329411764705883	0.2096969696969697	0.2968075927523728	0.4483076923076923	0.25989189189189194	0.17413333333333336	0.20828571428571427	0.2096969696969697	0.14210526315789476	0.15623529411764714	0.08367567567567569	0.13066666666666668	0.14425	0.03251612903225808	0.14425	0.2548571428571429	
0.21760000000000002	0.2701492537313433	0.11550387596899228	0.07983870967741936	0.12900763358778627	0.1610294117647059	0.04117647058823531	0.29640287769784174	0.1421052631578948	0.07235772357723579	0.11550387596899228	0.09444444444444447	0.35317460317460314	0.1485074626865672	0.1610294117647059	0.3917910447761194	0.4094202898550724	0.041176470588235294	0.4136690647482015	0.5060606060606061	0.3825757575757575	0.6238461538461538	0.5060606060606061	0.3917910447761194	0.469918699186992	0.5342857142857144	0.4051094890510949	0.7433070866141733	0.2646616541353384	0.6209302325581396	0.87265625	0.7492307692307691	0.6179687500000001	0.3917910447761194	0.2590909090909091	0.36821705426356593	0.5240875912408759	0.4094202898550724	0.6149606299212599	0.4530201342281879	0.6456521739130435	0.7472868217054264	0.6088000000000001	1.0	0	0.28976034858387795	0.6295454545454546	0.6179687500000001	0.5097744360902257	0.5022900763358779	0.2590909090909091	0.27555555555555555	0.38721804511278196	0.3917910447761194	0.6323308270676693	0.1485074626865672	0.3582677165354331	0.1485074626865672	0.10859375000000003	0.02686567164179106	0.32644628099173556	0.24769230769230768	0.21760000000000002	0.36328125	0.21760000000000002	-0.5205882352941177	-0.012121212121212097	0.19836065573770495	0.16715328467153287	0.09444444444444447	0.019548872180451142	0.034074074074074055	-0.5060606060606061	-0.14210526315789465	-0.5205882352941177	-0.11891891891891893	0.1421052631578948	0.004580152671755733	0.012121212121212097	0.12900763358778627	0.034074074074074055	
0	0	0	0	0	0	0	0	0	0	0	0	0	0	0	0	0	0	0	0	0	0	0	0	0	0	0	0	0	0	0	0	0	0	0	0	0	0	0	0	0	0	0	0	0	0	0	0	0	0	0	0	0	0	0	0	0	0	0	0	0	0	0	0	0	0	0	0	0	0	0	0	0	0	0	0	0	0	0	0	0	
0.5653333333333332	0.5945273631840796	0.5788113695090439	0.12365591397849461	-1.0	0.20098039215686272	0.20098039215686272	0.6091127098321343	0.5914786967418547	0.5582655826558266	0.5788113695090439	0.5687830687830688	0.5687830687830688	0.5945273631840796	0.6004901960784313	0.5945273631840796	0.6062801932367149	0.28976034858387795	0.21822541966426856	1.0	1.0	0.9999999999999999	0.5883838383838383	0.5945273631840796	1.0	1.0	0.20681265206812652	1.0000000000000002	0.5914786967418547	0.5788113695090439	0.5755208333333331	0.582051282051282	1.0	0.18905472636815918	0.17676767676767674	0.5788113695090439	0.20681265206812652	0.6062801932367149	0.5721784776902887	-1.0	0.6062801932367149	1.0	0.5653333333333332	0.28976034858387795	0	1.0	0.5883838383838383	0.5755208333333331	0.5914786967418547	0.1704834605597964	1.0	0.1950617283950617	0.5914786967418547	0.5945273631840796	0.18295739348370926	1.0	1.0000000000000002	0.5945273631840796	0.5755208333333331	0.18905472636815918	0.5509641873278237	-1.0	-1.0	0.5755208333333331	-1.0	0.15762273901808785	0.582051282051282	0.10928961748633877	-1.0	0.1375661375661376	0.18295739348370926	0.1950617283950617	0.16410256410256407	0.13066666666666668	0.15762273901808785	0.1375661375661376	0.18295739348370926	0.1704834605597964	0.17676767676767674	0.1704834605597964	0.1950617283950617	
0.24283870967741933	0.19096133751306163	0.22555638909727432	0.19432882414151922	0.11696626446688006	0.1310325476992144	0.17676767676767682	0.33112373737373735	0.3002525252525252	0.23052714398111715	0.30707676919229804	0.3740399385560676	0.49923195084485394	0.40386624869383486	0.31397306397306407	0.48902821316614414	0.506060606060606	0.6295454545454546	0.43402777777777773	0.4423264907135874	0.20332355816226777	0.47419354838709665	0.48216031280547406	0.44644723092998956	0.4870180959874114	0.6241765480895917	0.43006993006993005	0.46177292354584715	0.3002525252525252	0.4701175293823456	0.6302923387096774	0.47419354838709665	0.5892137096774194	0.48902821316614414	0.5618279569892473	0.5923980995248812	0.4775641025641025	0.7036363636363635	0.585979171958344	0.6471861471861471	0.506060606060606	0.5923980995248812	0.5793548387096774	0.6295454545454546	0	0.5883838383838383	1.0	0.7535282258064515	0.6295454545454546	0.5986210293031273	0.5219941348973606	0.6030844155844154	0.5472222222222223	0.5741901776384535	0.6707070707070707	0.44644723092998956	0.46177292354584715	0.40386624869383486	0.4659778225806451	0.5741901776384535	0.3916288989602772	0.3124069478908188	0.32696774193548384	0.383820564516129	0.32696774193548384	0.2663165791447861	0.35285359801488825	0.35351665785298786	0.3350815850815851	0.29057859703020994	0.21792929292929292	0.2061688311688311	0.1506203473945409	0.20077419354838713	0.14403600900225053	0.16538658474142343	0.13560606060606062	0.19724205860625457	0.16348973607038117	0.1571041615365673	0.29437229437229434	
0.14308571428571432	0.12176724137931036	0.17601102941176472	0.17373271889400915	0.16430664062499994	0.29253472222222227	0.10387731481481483	0.3102213541666666	0.36328125	0.31846689895470376	0.400735294117647	0.3716553287981859	0.48253968253968255	0.42914870689655177	0.386863425925926	0.6047952586206897	0.4906249999999999	0.6179687500000001	0.46940104166666663	0.5070564516129031	0.42489919354838707	0.6141098484848484	0.6302923387096774	0.6487068965517242	0.5456445993031358	0.7785326086956522	0.5591947115384616	0.4499437570303712	0.4057291666666667	0.5130974264705882	0.6361607142857142	0.498342803030303	0.6361607142857142	0.6047952586206897	0.6302923387096774	0.5130974264705882	0.608173076923077	0.7453124999999998	0.48661417322834655	0.7271205357142857	0.5415625	0.5880055147058822	0.6274285714285714	0.6179687500000001	0	0.5755208333333331	0.7535282258064515	0.9999999999999999	0.8302083333333333	0.8010253906249998	0.7124495967741935	0.7271205357142857	0.5330729166666667	0.5169719827586207	0.6179687500000001	0.5169719827586207	0.4499437570303712	0.5169719827586207	0.38147321428571423	0.47306034482758624	0.3456906729634002	0.30539772727272724	0.2921142857142857	0.3087053571428571	0.2921142857142857	0.28837316176470584	0.34398674242424243	0.3510538641686182	0.4122596153846154	0.2607709750566893	0.3208333333333334	0.22684151785714282	0.22821969696969693	0.18034285714285714	0.13855698529411764	0.14988662131519276	0.19348958333333335	0.24389648437499992	0.2605846774193548	0.24389648437499992	0.2723214285714286	
0.17413333333333336	0.15478351050038894	0.24186046511627912	0.2112903225806452	0.12900763358778627	0.22834864940128102	0.04678362573099419	0.33615288220551376	0.3463659147869675	0.4257452574525746	0.4103359173126615	0.4825396825396827	0.5256613756613758	0.45060928182525284	0.4099136730715679	0.6196525797251751	0.5097744360902255	0.6323308270676693	0.4893483709273183	0.5472222222222223	0.38257575757575757	0.6238461538461539	0.5883838383838383	0.5773917552501945	0.5582655826558266	0.7868584504740113	0.5286292654713708	0.5293963254593176	0.4280701754385966	0.5366925064599484	0.6604166666666667	0.4984615384615385	0.6604166666666667	0.49287010630023337	0.5883838383838383	0.5366925064599484	0.5757663389242337	0.7058646616541353	0.6149606299212599	0.7373791621911924	0.5587969924812031	0.7051679586563308	0.6522666666666667	0.5097744360902257	0	0.5914786967418547	0.6295454545454546	0.8302083333333333	1.0	0.7096692111959286	0.6295454545454546	0.6060687432867885	0.4689223057644111	0.45060928182525284	0.4689223057644111	0.40834845735027225	0.5293963254593176	0.49287010630023337	0.4481770833333334	0.40834845735027225	0.4611570247933886	0.2894871794871795	0.34800000000000003	0.36328125	0.34800000000000003	0.2839793281653747	0.2894871794871795	0.4210382513661202	0.34008097165991913	0.35317460317460325	0.22380952380952385	0.2121374865735768	0.24769230769230774	0.17413333333333336	0.15762273901808788	0.13756613756613761	0.22380952380952385	0.21195928753180662	0.13560606060606062	0.17048346055979646	0.2559076262083781	
0.14425	0.09897341405633063	0.17078488372093023	0.09627016129032256	0.1056774809160305	0.1704834605597965	0.03223070398642923	0.2223282442748091	0.33638676844783716	0.29598577235772355	0.32873062015503873	0.31274801587301587	0.39360119047619047	0.35640958146880763	0.4009047215154086	0.485127665175046	0.45251908396946566	0.6267175572519084	0.42970737913485996	0.4782073380940655	0.3176557498153164	0.49062499999999987	0.4380694410243781	0.5280336930771256	0.4616361788617886	0.6213076667772984	0.47357604227833233	0.43848425196850405	0.3778625954198473	0.4471899224806202	0.6418457031249998	0.49062499999999987	0.5622558593749999	0.570939720979205	0.4782073380940655	0.40770348837209297	0.5214327657075748	0.7013740458015265	0.4785925196850394	0.733369683751363	0.40274809160305336	0.5656492248062016	0.5517500000000001	0.5022900763358779	0	0.1704834605597964	0.5986210293031273	0.8010253906249998	0.7096692111959286	1.0	0.7190347205121891	0.6889312977099236	0.5022900763358779	0.4422216372729666	0.543765903307888	0.5280336930771256	0.43848425196850405	0.4422216372729666	0.4428710937499999	0.4422216372729666	0.36854338842975204	0.2947115384615384	0.2665	0.36328124999999994	0.30724999999999997	0.21027131782945738	0.2947115384615384	0.33196721311475413	0.3300058719906049	0.191468253968254	0.17048346055979646	0.24454743729552886	0.1771634615384615	0.18500000000000003	0.17078488372093023	0.07018849206349206	0.17048346055979646	0.18344465648854957	0.0768283673971928	0.06679389312977096	0.20010905125408937	
0.20077419354838713	0.14838035527690696	0.22555638909727432	0.06711758584807488	0.0768283673971928	0.1310325476992144	0.085297418630752	0.22821969696969693	0.3002525252525252	0.27327563598216625	0.3478369592398099	0.3740399385560676	0.3740399385560676	0.40386624869383486	0.3597081930415264	0.44644723092998956	0.40727272727272723	0.5060606060606061	0.48547979797979796	0.48216031280547406	0.40249266862170086	0.5550868486352356	0.48216031280547406	0.5741901776384535	0.4870180959874114	0.5704874835309618	0.3350815850815851	0.42037084074168146	0.4237373737373737	0.4701175293823456	0.5892137096774194	0.47419354838709665	0.5481350806451613	0.44644723092998956	0.5219941348973606	0.4701175293823456	0.43006993006993005	0.6048484848484847	0.5031750063500127	0.6471861471861471	0.45666666666666667	0.5923980995248812	0.5793548387096774	0.2590909090909091	0	1.0	0.5219941348973606	0.7124495967741935	0.6295454545454546	0.7190347205121891	1.0	0.7794913419913418	0.5883838383838383	0.5316091954022988	0.5883838383838383	0.6593521421107629	0.5445770891541782	0.5316091954022988	0.5070564516129031	0.48902821316614414	0.43508397760597173	0.23151364764267987	0.2849032258064516	0.383820564516129	0.2849032258064516	0.2663165791447861	0.35285359801488825	0.3966155473294553	0.3825757575757575	0.29057859703020994	0.13560606060606062	0.29437229437229434	0.3124069478908188	0.20077419354838713	0.1847961990497624	0.16538658474142343	0.17676767676767677	0.19724205860625457	0.08382209188660797	0.11696626446688006	0.2061688311688311	
0.1617142857142857	0.13113006396588484	0.23283499446290143	0.06105990783410137	0.11123227917121045	0.15034293552812075	0.10562414266117973	0.1950617283950617	0.29967776584317946	0.2900696864111498	0.36821705426356593	0.35317460317460314	0.44557823129251695	0.3917910447761194	0.2844993141289438	0.47867803837953093	0.3238518518518519	0.3962962962962963	0.39629629629629626	0.5148809523809522	0.3825757575757575	0.5074175824175823	0.4707792207792207	0.4352345415778251	0.4793844367015098	0.42254428341384875	0.34985754985754997	0.49578177727784023	0.43098818474758327	0.5035991140642303	0.5452008928571428	0.552197802197802	0.6361607142857142	0.5221215351812366	0.6030844155844154	0.5487264673311184	0.48917378917378923	0.6136296296296296	0.5416197975253093	0.655026455026455	0.4687407407407408	0.5938538205980065	0.7205714285714285	0.27555555555555555	0	0.1950617283950617	0.6030844155844154	0.7271205357142857	0.6060687432867885	0.6889312977099236	0.7794913419913418	1.0	0.5622986036519872	0.5221215351812366	0.6060687432867885	0.5655650319829424	0.5874578177727783	0.5221215351812366	0.5452008928571428	0.47867803837953093	0.4707792207792207	0.37307692307692303	0.4411428571428571	0.4542410714285714	0.3945714285714285	0.3230897009966777	0.28351648351648345	0.4751170960187353	0.4427350427350428	0.35317460317460314	0.16836734693877553	0.3100529100529101	0.3282967032967032	0.2548571428571429	0.2779623477297896	0.16836734693877548	0.2121374865735768	0.24454743729552886	0.11796536796536793	0.20010905125408937	0.2238095238095238	
0.08720000000000003	0.07026186155042782	0.24186046511627912	0.16747311827956987	0.08753180661577611	0.0013923698134224584	0.13756613756613761	0.2850877192982456	0.22380952380952385	0.2490514905149052	0.2839793281653747	0.266931216931217	0.35317460317460325	0.3660876328752917	0.22834864940128102	0.45060928182525284	0.46075187969924813	0.38721804511278196	0.4382832080200501	0.4648989898989898	0.38257575757575757	0.45666666666666667	0.4237373737373737	0.3660876328752917	0.5140921409214092	0.4671461261850278	0.29294389820705613	0.5721784776902887	0.26466165413533843	0.4945736434108528	0.49062500000000003	0.5402564102564102	0.5330729166666667	0.49287010630023337	0.5060606060606061	0.452454780361757	0.43435511856564496	0.6568421052631579	0.6149606299212599	0.5622986036519872	0.5587969924812031	0.5788113695090439	0.6088	0.38721804511278196	0	0.5914786967418547	0.5472222222222223	0.5330729166666667	0.4689223057644111	0.5022900763358779	0.5883838383838383	0.5622986036519872	1.0	0.7041742286751361	0.4689223057644111	0.535130930775214	0.4866141732283465	0.49287010630023337	0.4481770833333334	0.49287010630023337	0.5509641873278237	0.3730769230769231	0.26106666666666667	0.4057291666666667	0.3045333333333334	0.19974160206718347	0.2894871794871795	0.33196721311475413	0.29294389820705613	0.3100529100529102	0.1421052631578948	0.2121374865735768	0.12230769230769231	0.17413333333333336	0.11550387596899227	0.13756613756613761	0.10125313283208025	0.12900763358778627	0.0532828282828283	0.04605597964376594	0.16836734693877553	
0.1006896551724138	0.07720020586721567	0.2157177225340818	0.09343715239154617	0.09897341405633063	0.00884466556108348	0.1440022111663903	0.4424751243781094	0.23930515945035002	0.3145500420521447	0.39000267308206366	0.3754789272030651	0.46469622331691285	0.4127637673700463	0.27915975677169713	0.4127637673700463	0.4161194029850746	0.5134328358208956	0.4424751243781094	0.5316091954022988	0.40386624869383486	0.3514588859416446	0.3187042842215256	0.28692743180648483	0.3145500420521447	0.31245944192083064	0.15786452353616534	0.4689112136844963	0.2815659839253306	0.39000267308206366	0.47306034482758624	0.3514588859416446	0.5608836206896551	0.4127637673700463	0.3612852664576803	0.6514300989040365	0.5321469575200918	0.5620895522388059	0.6901982079826229	0.5655650319829424	0.6107462686567163	0.5642876236300455	0.5503448275862068	0.3917910447761194	0	0.5945273631840796	0.5741901776384535	0.5169719827586207	0.45060928182525284	0.4422216372729666	0.5316091954022988	0.5221215351812366	0.7041742286751361	1.0	0.6196525797251751	0.6224909933093155	0.5574260114037469	0.4547092125579001	0.42914870689655177	0.5386001029336078	0.44257623254488454	0.3082228116710875	0.3704827586206896	0.38523706896551724	0.41544827586206895	0.39000267308206366	0.3946949602122016	0.493216506500848	0.48536165327210096	0.4200875752599891	0.11252268602540838	0.13113006396588484	0.22175066312997346	0.1006896551724138	0.17214648489708637	0.06321839080459772	0.07026186155042782	0.14187944195841012	0.10579937304075232	0.09897341405633063	0.13113006396588484	
0.17413333333333336	0.15478351050038894	0.19974160206718347	0.12365591397849461	0.17048346055979646	0.13756613756613761	0.0921748816485659	0.38721804511278196	0.26466165413533843	0.2490514905149052	0.2839793281653747	0.3100529100529102	0.43941798941798943	0.3660876328752917	0.3191311612364245	0.535130930775214	0.5587969924812031	0.6323308270676693	0.5404135338345863	0.4648989898989898	0.3002525252525252	0.3730769230769231	0.4237373737373737	0.40834845735027225	0.4257452574525746	0.5737169009480223	0.34008097165991913	0.40104986876640425	0.3055137844611529	0.452454780361757	0.5330729166666667	0.4984615384615385	0.6179687500000001	0.45060928182525284	0.5472222222222223	0.6209302325581396	0.5286292654713708	0.5587969924812031	0.5721784776902887	0.7373791621911924	0.5097744360902255	0.6209302325581396	0.5653333333333335	0.6323308270676693	0	0.18295739348370926	0.6707070707070707	0.6179687500000001	0.4689223057644111	0.543765903307888	0.5883838383838383	0.6060687432867885	0.4689223057644111	0.6196525797251751	1.0	0.7041742286751361	0.5721784776902887	0.45060928182525284	0.4481770833333334	0.535130930775214	0.41625344352617083	0.33128205128205135	0.43493333333333334	0.4057291666666667	0.43493333333333334	0.2839793281653747	0.41487179487179493	0.4655737704918033	0.48149219201850785	0.35317460317460325	0.18295739348370932	0.16836734693877553	0.24769230769230774	0.17413333333333336	0.15762273901808788	0.13756613756613761	0.10125313283208025	0.17048346055979646	0.09444444444444446	0.21195928753180662	0.2121374865735768	
0.0557241379310345	0.035254760679361834	0.1285752472600909	0.0027808676307008048	0.05606738615425114	0.00884466556108348	0.09894969596462137	0.29042288557213924	0.2815659839253306	0.2688533781889543	0.3028601978080727	0.28626163108921726	0.3754789272030651	0.32887287699433865	0.3242122719734661	0.4547092125579001	0.4161194029850746	0.5134328358208956	0.3917910447761194	0.48902821316614414	0.40386624869383486	0.3514588859416446	0.3612852664576803	0.32887287699433865	0.360246705915335	0.47112264763140815	0.20464982778415614	0.33613901710562044	0.40834845735027225	0.47714514835605454	0.42914870689655177	0.4379310344827586	0.5608836206896551	0.3708183221821925	0.44644723092998956	0.5642876236300455	0.39179104477611937	0.5134328358208955	0.5131686125441216	0.47867803837953093	0.5134328358208955	0.6078588612670409	0.5053793103448275	0.1485074626865672	0	1.0	0.44644723092998956	0.5169719827586207	0.40834845735027225	0.5280336930771256	0.6593521421107629	0.5655650319829424	0.535130930775214	0.6224909933093155	0.7041742286751361	1.0	0.7344556068422481	0.6224909933093155	0.6487068965517242	0.5805455481214616	0.5819321744086635	0.3514588859416446	0.4604137931034482	0.47306034482758624	0.4604137931034482	0.43357391071905915	0.5244031830238727	0.5853589598643301	0.48536165327210096	0.46469622331691285	0.23930515945035002	0.26146055437100213	0.22175066312997346	0.1456551724137931	0.2157177225340818	0.10782703886152163	0.07026186155042782	0.14187944195841012	0.06321839080459768	0.14187944195841012	0.1745735607675906	
0.1668888888888889	0.1591094216671192	0.2450208429828625	0.12365591397849462	0.1577263779527559	0.09682123067949841	0.14435695538057744	0.41174540682414695	0.2727034120734908	0.300587172538392	0.32051875868457624	0.35317460317460325	0.38910934744268083	0.5131686125441216	0.38203557888597267	0.5574260114037469	0.4866141732283464	0.48661417322834655	0.5187007874015748	0.585979171958344	0.42037084074168146	0.416607015032212	0.42037084074168146	0.4246538148248711	0.484643179765131	0.4419719274221158	0.35826771653543305	0.3582677165354331	0.4866141732283465	0.39601667438629007	0.413273340832396	0.3777141493676927	0.4499437570303712	0.4246538148248711	0.46177292354584715	0.5092635479388608	0.4076317383403998	0.5892913385826771	0.5008748906386703	0.7249718785151855	0.6919685039370078	0.5470125057897176	0.38422222222222224	0.3582677165354331	0	1.0000000000000002	0.46177292354584715	0.4499437570303712	0.5293963254593176	0.43848425196850405	0.5445770891541782	0.5874578177727783	0.4866141732283465	0.5574260114037469	0.5721784776902887	0.7344556068422481	1.0000000000000002	0.6459408091229976	0.559955005624297	0.6901982079826229	0.625803489439853	0.416607015032212	0.4928888888888889	0.5232845894263217	0.6377777777777778	0.3582677165354331	0.45549988069673114	0.4804189435336976	0.5557238037552998	0.4250440917107584	0.315485564304462	0.3582677165354331	0.33882128370317355	0.23933333333333331	0.28276980083371933	0.24537037037037038	0.22992125984251974	0.19783464566929138	0.21336042672085348	0.19783464566929138	0.26659167604049494	
0.1906206896551724	0.1610910962429233	0.25928896017107733	0.18409343715239151	0.1847854698604896	0.18905472636815923	0.23410724156992818	0.3917910447761194	0.3660876328752917	0.5887300252312868	0.47714514835605454	0.46469622331691285	0.46469622331691285	0.4547092125579001	0.414317302377004	0.4547092125579001	0.3674626865671642	0.5134328358208956	0.3411069651741293	0.48902821316614414	0.3612852664576803	0.3946949602122016	0.40386624869383486	0.32887287699433865	0.4059433697785254	0.31245944192083064	0.20464982778415614	0.33613901710562044	0.3660876328752917	0.39000267308206366	0.42914870689655177	0.48116710875331553	0.6047952586206897	0.4547092125579001	0.48902821316614414	0.47714514835605454	0.39179104477611937	0.4647761194029851	0.6016834102633722	0.47867803837953093	0.5134328358208955	0.5642876236300455	0.5503448275862068	0.1485074626865672	0	0.5945273631840796	0.40386624869383486	0.5169719827586207	0.49287010630023337	0.4422216372729666	0.5316091954022988	0.5221215351812366	0.49287010630023337	0.4547092125579001	0.45060928182525284	0.6224909933093155	0.6459408091229976	1.0	0.7804418103448276	0.5386001029336078	0.8141920775149616	0.48116710875331553	0.5953103448275862	0.42914870689655177	0.4604137931034482	0.3028601978080727	0.3946949602122016	0.5853589598643301	0.48536165327210096	0.509304871373837	0.32382680840031114	0.3049040511727079	0.3082228116710875	0.23558620689655174	0.25928896017107733	0.2416529830322934	0.1970443349753695	0.2276914977625691	0.10579937304075232	0.1847854698604896	0.21801705756929635	
0.14308571428571432	0.16567887931034483	0.28837316176470584	0.06105990783410134	0.04492187499999997	0.15104166666666669	0.24537037037037038	0.3102213541666666	0.4057291666666667	0.3563298490127758	0.400735294117647	0.4455782312925169	0.3716553287981859	0.38523706896551724	0.4340277777777778	0.47306034482758624	0.38874999999999993	0.49062500000000003	0.46940104166666663	0.4659778225806451	0.383820564516129	0.30539772727272724	0.383820564516129	0.3413254310344828	0.31846689895470376	0.28023097826086957	0.1183894230769231	0.22992125984251974	0.3208333333333334	0.28837316176470584	0.3450892857142856	0.3825757575757575	0.41785714285714276	0.38523706896551724	0.5070564516129031	0.43818933823529405	0.5102163461538461	0.5924999999999998	0.413273340832396	0.5452008928571428	0.43968749999999995	0.43818933823529405	0.4411428571428571	0.10859375000000003	0	0.5755208333333331	0.4659778225806451	0.38147321428571423	0.4481770833333334	0.4428710937499999	0.5070564516129031	0.5452008928571428	0.4481770833333334	0.42914870689655177	0.4481770833333334	0.6487068965517242	0.559955005624297	0.7804418103448276	0.9999999999999999	0.6926185344827586	0.615112160566706	0.3825757575757575	0.4784	0.45424107142857134	0.40388571428571424	0.28837316176470584	0.34398674242424243	0.3510538641686182	0.4122596153846154	0.3346938775510203	0.23593750000000005	0.2723214285714286	0.2668087121212121	0.18034285714285714	0.21346507352941174	0.18684807256235825	0.10859375000000002	0.24389648437499992	0.09627016129032256	0.16430664062499994	0.2723214285714286	
0.1006896551724138	0.1191456510550695	0.2157177225340818	0.0027808676307008048	0.05606738615425114	-0.16730523627075347	0.1440022111663903	0.2397388059701492	0.23930515945035002	0.3145500420521447	0.43357391071905915	0.33087027914614126	0.4200875752599891	0.4127637673700463	0.27915975677169713	0.3708183221821925	0.3674626865671642	0.6350746268656717	0.4931592039800995	0.5316091954022988	0.3187042842215256	0.3082228116710875	0.40386624869383486	0.4127637673700463	0.360246705915335	0.25957170668397145	0.15786452353616534	0.3803964159652457	0.23930515945035002	0.3464314354450682	0.38523706896551724	0.3514588859416446	0.42914870689655177	0.32887287699433865	0.48902821316614414	0.52071638599305	0.39179104477611937	0.5134328358208955	0.3803964159652457	0.47867803837953093	0.3674626865671642	0.39000267308206366	0.41544827586206895	0.02686567164179106	0	0.18905472636815918	0.5741901776384535	0.47306034482758624	0.40834845735027225	0.4422216372729666	0.48902821316614414	0.47867803837953093	0.49287010630023337	0.5386001029336078	0.535130930775214	0.5805455481214616	0.6901982079826229	0.5386001029336078	0.6926185344827586	1.0	0.6283841550299231	0.48116710875331553	0.5503448275862068	0.5608836206896551	0.5053793103448275	0.3028601978080727	0.3946949602122016	0.40107405313736577	0.3450057405281286	0.3754789272030651	0.11252268602540838	0.21801705756929635	0.2649867374005305	0.1006896551724138	0.17214648489708637	0.10782703886152163	0.07026186155042782	0.09897341405633063	0.02063740856844303	0.09897341405633063	0.1745735607675906	
0.11374510656807306	0.25676831005984607	0.28682547399124947	0.1710108073744437	0.20015495867768593	0.10192837465564744	0.1518212427303337	0.4948347107438016	0.32644628099173556	0.39380165289256197	0.3264462809917356	0.34465043555952646	0.38105874469510836	0.5354801937874037	0.4511784511784513	0.5819321744086635	0.6228099173553718	0.5958677685950414	0.6070936639118456	0.5654492135430553	0.43508397760597173	0.4284998747808665	0.5654492135430553	0.44257623254488454	0.4274793388429752	0.41430111390585705	0.222822631913541	0.3264462809917355	0.4611570247933886	0.4056878949927079	0.3456906729634002	0.46932131229651897	0.46115702479338844	0.44257623254488454	0.4785390562516662	0.4453087019931941	0.48188175460902744	0.5150413223140496	0.47612488521579427	0.7113341204250294	0.6228099173553718	0.5641711229946524	0.39734667246628974	0.32644628099173556	0	0.5509641873278237	0.3916288989602772	0.3456906729634002	0.4611570247933886	0.36854338842975204	0.43508397760597173	0.4707792207792207	0.5509641873278237	0.44257623254488454	0.41625344352617083	0.5819321744086635	0.625803489439853	0.8141920775149616	0.615112160566706	0.6283841550299231	1.0000000000000002	0.5101427498121713	0.5036972596781211	0.5766233766233766	0.4327968682035668	0.28682547399124947	0.4284998747808665	0.3428744204797421	0.48188175460902744	0.4538753629662722	0.32644628099173556	0.3264462809917355	0.18357124968695215	0.18464549804262723	0.2075838599902772	0.1626088898816172	0.19173553719008274	0.15805785123966945	0.08744334844041585	0.15805785123966945	0.27833530106257376	
0.13066666666666665	0.17851458885941646	0.15762273901808788	0.12365591397849462	0.1771634615384615	0.024786324786324837	0.21054131054131056	0.2685897435897436	0.2894871794871795	0.317319536831732	0.349072116513977	0.33357383357383363	0.2943722943722944	0.3082228116710875	0.21054131054131056	0.3082228116710875	0.2978461538461538	0.24769230769230768	0.32083333333333325	0.3124069478908188	0.1506203473945409	0.1641025641025641	0.19106699751861037	0.17851458885941646	0.23700418822370045	0.2367892976588629	0.2766272189349112	0.2610355523741351	0.2894871794871795	0.349072116513977	0.34398674242424243	0.3540792540792541	0.4211647727272727	0.3946949602122016	0.47419354838709665	0.349072116513977	0.3248520710059172	0.4483076923076923	0.33882128370317355	0.6417582417582417	0.4483076923076923	0.349072116513977	0.4072727272727273	0.24769230769230768	0	-1.0	0.3124069478908188	0.30539772727272724	0.2894871794871795	0.2947115384615384	0.23151364764267987	0.37307692307692303	0.3730769230769231	0.3082228116710875	0.33128205128205135	0.3514588859416446	0.416607015032212	0.48116710875331553	0.3825757575757575	0.48116710875331553	0.5101427498121713	1.0	0.8024242424242424	0.768465909090909	0.7233939393939394	0.3873619920131548	0.39207459207459205	0.5141579731743667	0.421301775147929	0.411976911976912	0.2894871794871795	0.3282967032967032	0.2780885780885781	0.2096969696969697	0.2342024900164435	0.17676767676767682	0.2058974358974359	0.1771634615384615	0.1506203473945409	0.21634615384615383	0.28351648351648345	
0.14210526315789476	0.1906206896551724	0.19458823529411767	0.10059422750424454	0.22574999999999998	0.13066666666666674	0.22725925925925933	0.45666666666666667	0.3045333333333334	0.37227214377406936	0.42470588235294116	0.3656216216216216	0.33037837837837836	0.41544827586206895	0.3721481481481483	0.3704827586206896	0.32192000000000004	0.21760000000000002	0.29366666666666663	0.2849032258064516	0.20077419354838713	0.1701818181818182	0.20077419354838713	0.280551724137931	0.23277706461275147	0.20626086956521747	0.29784615384615387	0.1306666666666667	0.26106666666666667	0.2329411764705883	0.21760000000000002	0.2887272727272727	0.3666285714285714	0.3704827586206896	0.49522580645161285	0.42470588235294116	0.348	0.42624	0.348	0.6274285714285713	0.42624	0.3863529411764706	0.2793684210526316	0.21760000000000002	0	-1.0	0.32696774193548384	0.2921142857142857	0.34800000000000003	0.2665	0.2849032258064516	0.4411428571428571	0.26106666666666667	0.3704827586206896	0.43493333333333334	0.4604137931034482	0.4928888888888889	0.5953103448275862	0.4784	0.5503448275862068	0.5036972596781211	0.8024242424242424	1.0	0.7392	0.6911578947368422	0.46305882352941186	0.44678787878787873	0.507765314926661	0.49846153846153846	0.4713513513513513	0.26106666666666667	0.348	0.3282424242424242	0.14210526315789476	0.19458823529411767	0.11891891891891897	0.17413333333333336	0.18500000000000003	0.15870967741935482	0.22574999999999998	0.2548571428571429	
0.18034285714285714	0.25350215517241387	0.21346507352941174	0.13617511520737327	0.16430664062499994	0.05671296296296297	0.15104166666666669	0.41634114583333326	0.3208333333333334	0.3563298490127758	0.36328124999999994	0.4086167800453514	0.4086167800453514	0.42914870689655177	0.386863425925926	0.3413254310344828	0.38874999999999993	0.49062500000000003	0.41634114583333326	0.4659778225806451	0.34274193548387094	0.34398674242424243	0.3016633064516129	0.47306034482758624	0.3563298490127758	0.3909646739130435	0.4122596153846154	0.33993250843644546	0.4481770833333334	0.36328124999999994	0.2723214285714285	0.34398674242424243	0.41785714285714276	0.38523706896551724	0.4659778225806451	0.43818933823529405	0.4122596153846154	0.5415625	0.3766029246344208	0.7271205357142857	0.5415625	0.43818933823529405	0.40388571428571424	0.36328125	0	0.5755208333333331	0.383820564516129	0.3087053571428571	0.36328125	0.36328124999999994	0.383820564516129	0.4542410714285714	0.4057291666666667	0.38523706896551724	0.4057291666666667	0.47306034482758624	0.5232845894263217	0.42914870689655177	0.45424107142857134	0.5608836206896551	0.5766233766233766	0.768465909090909	0.7392	0.9999999999999999	0.701942857142857	0.4756433823529412	0.5369318181818182	0.5419203747072598	0.4612379807692308	0.3716553287981859	0.23593750000000005	0.36328125	0.30539772727272724	0.25485714285714284	0.28837316176470584	0.18684807256235825	0.23593750000000005	0.24389648437499992	0.21950604838709678	0.20410156249999997	0.31780133928571425	
0.14210526315789476	0.1006896551724138	0.1178823529411765	0.1351867572156197	0.18500000000000003	0.03407407407407415	0.17896296296296305	0.34800000000000003	0.34800000000000003	0.30252460419341043	0.3863529411764706	0.43610810810810813	0.33037837837837836	0.41544827586206895	0.32385185185185195	0.41544827586206895	0.42624	0.21760000000000002	0.23933333333333331	0.2849032258064516	0.20077419354838713	0.2096969696969697	0.20077419354838713	0.3255172413793104	0.2676508344030809	0.20626086956521747	0.29784615384615387	0.20311111111111113	0.3045333333333334	0.2329411764705883	0.18034285714285714	0.2096969696969697	0.2921142857142857	0.3255172413793104	0.3690322580645161	0.3863529411764706	0.29784615384615387	0.47839999999999994	0.348	0.6274285714285713	0.47839999999999994	0.3096470588235295	0.2793684210526316	0.21760000000000002	0	-1.0	0.32696774193548384	0.2921142857142857	0.34800000000000003	0.30724999999999997	0.2849032258064516	0.3945714285714285	0.3045333333333334	0.41544827586206895	0.43493333333333334	0.4604137931034482	0.6377777777777778	0.4604137931034482	0.40388571428571424	0.5053793103448275	0.4327968682035668	0.7233939393939394	0.6911578947368422	0.701942857142857	1.0	0.5397647058823529	0.5653333333333332	0.507765314926661	0.49846153846153846	0.43610810810810813	0.34800000000000003	0.348	0.3282424242424242	0.24505263157894744	0.3096470588235295	0.18940540540540543	0.26106666666666667	0.22574999999999998	0.24283870967741933	0.18500000000000003	0.3014285714285714	
0.1178823529411765	0.1285752472600909	0.07090743274053811	0.18809297912713469	0.21027131782945738	0.20442147573930525	0.20442147573930525	0.42086563307493535	0.3260981912144703	0.2984218077474893	0.25672594619243055	0.39122315592903834	0.277077497665733	0.25928896017107733	0.2512202124605226	0.25928896017107733	0.2418604651162791	0.36821705426356593	0.31556847545219635	0.2663165791447861	0.22555638909727432	0.2724923655156214	0.2663165791447861	0.3464314354450682	0.10353897656623626	0.23087293562521072	0.22242098986285036	0.16952292728114873	0.3260981912144703	0.25672594619243055	0.17601102941176472	0.11933286351891004	0.21346507352941174	0.17214648489708637	0.2663165791447861	0.3310533515731875	0.22242098986285036	0.2418604651162791	0.2450208429828625	0.36821705426356593	0.3429457364341086	0.21956224350205203	0.2329411764705883	-0.5205882352941177	0	0.15762273901808785	0.2663165791447861	0.28837316176470584	0.2839793281653747	0.21027131782945738	0.2663165791447861	0.3230897009966777	0.19974160206718347	0.39000267308206366	0.2839793281653747	0.43357391071905915	0.3582677165354331	0.3028601978080727	0.28837316176470584	0.3028601978080727	0.28682547399124947	0.3873619920131548	0.46305882352941186	0.4756433823529412	0.5397647058823529	1.0000000000000002	0.6553911205073997	0.5677434908389586	0.5626118067978533	0.5814659197012138	0.452454780361757	0.5035991140642303	0.42565186751233264	0.42470588235294116	0.40538075695394443	0.277077497665733	0.4103359173126615	0.40770348837209297	0.30707676919229804	0.32873062015503873	0.413344407530454	
0.2096969696969697	0.22175066312997346	0.19591261451726574	0.24315738025415448	0.2555288461538461	0.07122507122507127	0.1176638176638177	0.32083333333333325	0.2058974358974359	0.19684651391968463	0.2342024900164435	0.2943722943722944	0.2943722943722944	0.3082228116710875	0.256980056980057	0.2649867374005305	0.348	0.37307692307692303	0.2685897435897436	0.3124069478908188	0.23151364764267987	0.2400932400932401	0.19106699751861037	0.3514588859416446	0.23700418822370045	0.345819397993311	0.2284023668639053	0.22214268670961584	0.33128205128205135	0.2342024900164435	0.22821969696969693	0.12610722610722613	0.30539772727272724	0.17851458885941646	0.3124069478908188	0.42565186751233264	0.2766272189349112	0.348	0.2999284180386543	0.28351648351648345	0.348	0.3107822410147992	0.2096969696969697	-0.012121212121212097	0	0.582051282051282	0.35285359801488825	0.34398674242424243	0.2894871794871795	0.2947115384615384	0.35285359801488825	0.28351648351648345	0.2894871794871795	0.3946949602122016	0.41487179487179493	0.5244031830238727	0.45549988069673114	0.3946949602122016	0.34398674242424243	0.3946949602122016	0.4284998747808665	0.39207459207459205	0.44678787878787873	0.5369318181818182	0.5653333333333332	0.6553911205073997	1.0	0.7975658221559863	0.5659763313609466	0.607984607984608	0.41487179487179493	0.4626373626373626	0.2780885780885781	0.44678787878787873	0.349072116513977	0.2943722943722944	0.24769230769230774	0.4122596153846153	0.35285359801488825	0.2555288461538461	0.4178571428571427	
0.15616911130284733	0.2167891464104014	0.13548698167791712	0.1778058007566204	0.33196721311475413	0.10928961748633884	0.20825743776563452	0.4989754098360655	0.33196721311475413	0.23176229508196722	0.25337512054001926	0.2778023925564909	0.2416925121843155	0.40107405313736577	0.2577413479052824	0.3550028264556246	0.3052459016393443	0.4655737704918033	0.3319672131147541	0.3966155473294553	0.31041776837652035	0.27123695976154993	0.2242199894235854	0.30893159977388357	0.19836065573770495	0.3610121168923736	0.28058007566204296	0.29485428051001816	0.4210382513661202	0.41055930568948895	0.2747072599531616	0.27123695976154993	0.46557377049180326	0.4471452798191068	0.4397144368059228	0.6070395371263261	0.4861286254728878	0.4121311475409836	0.4433060109289617	0.6182669789227166	0.6793442622950819	0.5284474445515912	0.2968075927523728	0.19836065573770495	0	0.10928961748633877	0.35351665785298786	0.3510538641686182	0.4210382513661202	0.33196721311475413	0.3966155473294553	0.4751170960187353	0.33196721311475413	0.493216506500848	0.4655737704918033	0.5853589598643301	0.4804189435336976	0.5853589598643301	0.3510538641686182	0.40107405313736577	0.3428744204797421	0.5141579731743667	0.507765314926661	0.5419203747072598	0.507765314926661	0.5677434908389586	0.7975658221559863	0.9999999999999999	0.8458385876418663	0.675011076650421	0.4655737704918033	0.6182669789227166	0.39269746646795833	0.3671268334771355	0.3712632594021215	0.2778023925564909	0.4210382513661202	0.4989754098360656	0.3966155473294553	0.33196721311475413	0.42740046838407497	
0.1473846153846154	0.25143513203214696	0.12522361359570666	0.1910669975186104	0.3300058719906049	0.17024886877828055	0.12415158371040726	0.4546836982968369	0.29294389820705613	0.38836772983114454	0.2710196779964222	0.3034188034188035	0.3531746031746032	0.2982204362801377	0.21634615384615385	0.3450057405281286	0.2861313868613139	0.16715328467153287	0.3059610705596107	0.3825757575757575	0.3350815850815851	0.3248520710059172	0.24009324009324007	0.25143513203214696	0.28642901813633526	0.1205966359885751	0.17630544637843912	0.3089036947304664	0.43435511856564496	0.4168157423971378	0.4122596153846154	0.37307692307692303	0.5591947115384616	0.3450057405281286	0.43006993006993005	0.6112104949314252	0.4051094890510949	0.3813138686131387	0.5557238037552998	0.32012513034410844	0.42890510948905103	0.5140131186642815	0.4483076923076923	0.16715328467153287	0	-1.0	0.3350815850815851	0.4122596153846154	0.34008097165991913	0.3300058719906049	0.3825757575757575	0.4427350427350428	0.29294389820705613	0.48536165327210096	0.48149219201850785	0.48536165327210096	0.5557238037552998	0.48536165327210096	0.4122596153846154	0.3450057405281286	0.48188175460902744	0.421301775147929	0.49846153846153846	0.4612379807692308	0.49846153846153846	0.5626118067978533	0.5659763313609466	0.8458385876418663	1.0	0.7512210012210013	0.38721804511278196	0.4427350427350428	0.421301775147929	0.49846153846153846	0.5140131186642815	0.402930402930403	0.34008097165991913	0.47357604227833233	0.3825757575757575	0.3778625954198473	0.39629629629629637	
0.15416216216216216	0.28626163108921726	0.1629318394024277	0.2183958151700087	0.3531746031746032	0.23339212228101125	0.23339212228101125	0.5687830687830688	0.3100529100529102	0.3194902219292463	0.277077497665733	0.2657657657657658	0.2308022308022308	0.3754789272030651	0.23339212228101125	0.28626163108921726	0.27555555555555555	0.35317460317460314	0.35317460317460325	0.3740399385560676	0.24884792626728106	0.2551707551707552	0.24884792626728106	0.2416529830322934	0.1762250054932982	0.21256038647343004	0.10439560439560444	0.1735008818342152	0.35317460317460325	0.2390289449112979	0.2238095238095238	0.21596921596921598	0.2977324263038549	0.28626163108921726	0.41577060931899634	0.4673202614379085	0.3034188034188035	0.379047619047619	0.38910934744268083	0.44557823129251695	0.586031746031746	0.39122315592903834	0.25989189189189194	0.09444444444444447	0	0.1375661375661376	0.29057859703020994	0.2607709750566893	0.35317460317460325	0.191468253968254	0.29057859703020994	0.35317460317460314	0.3100529100529102	0.4200875752599891	0.35317460317460325	0.46469622331691285	0.4250440917107584	0.509304871373837	0.3346938775510203	0.3754789272030651	0.4538753629662722	0.411976911976912	0.4713513513513513	0.3716553287981859	0.43610810810810813	0.5814659197012138	0.607984607984608	0.675011076650421	0.7512210012210013	1.0	0.43941798941798943	0.5841836734693877	0.37277537277537276	0.3656216216216216	0.42927170868347336	0.37065637065637064	0.3962962962962964	0.474454365079365	0.3740399385560676	0.3531746031746032	0.4917800453514738	
0.26106666666666667	0.23930515945035002	0.24186046511627912	0.38655913978494627	0.29491094147582697	0.3191311612364245	0.22834864940128102	0.33615288220551376	0.26466165413533843	0.20487804878048788	0.15762273901808788	0.3100529100529102	0.266931216931217	0.23930515945035002	0.18295739348370932	0.2815659839253306	0.21563909774436088	0.019548872180451142	0.08082706766917294	0.13560606060606062	0.012121212121212144	0.1641025641025641	0.21792929292929292	0.11252268602540838	0.16070460704607048	0.20071918927754173	0.15153267784846738	0.0587926509186352	0.1421052631578948	0.19974160206718347	0.15104166666666669	0.1641025641025641	0.19348958333333335	0.11252268602540838	0.21792929292929292	0.15762273901808788	0.15153267784846738	0.16661654135338344	0.14435695538057744	0.2121374865735768	0.16661654135338344	0.19974160206718347	0.17413333333333336	0.019548872180451142	0	0.18295739348370926	0.21792929292929292	0.3208333333333334	0.22380952380952385	0.17048346055979646	0.13560606060606062	0.16836734693877553	0.1421052631578948	0.11252268602540838	0.18295739348370932	0.23930515945035002	0.315485564304462	0.32382680840031114	0.23593750000000005	0.11252268602540838	0.32644628099173556	0.2894871794871795	0.26106666666666667	0.23593750000000005	0.34800000000000003	0.452454780361757	0.41487179487179493	0.4655737704918033	0.38721804511278196	0.43941798941798943	1.0	0.6060687432867885	0.4984615384615385	0.6522666666666667	0.5788113695090439	0.6119047619047622	0.5914786967418547	0.5022900763358779	0.4648989898989898	0.46081424936386767	0.5622986036519872	
0.2548571428571429	0.21801705756929635	0.23283499446290143	0.24884792626728108	0.3334242093784078	0.2844993141289438	0.15034293552812075	0.29567901234567895	0.2559076262083781	0.19541231126596975	0.14258028792912514	0.12216553287981857	0.07596371882086166	0.1745735607675906	0.15034293552812075	0.13113006396588484	0.13066666666666668	-0.4178571428571429	0.1950617283950617	0.16206709956709953	0.029761904761904743	0.14917582417582412	0.07386363636363634	0.13113006396588484	0.14808362369337977	0.10756843800322066	0.11766381766381769	0.12907761529808773	0.2121374865735768	0.1877076411960133	0.18136160714285712	0.19395604395604388	0.22684151785714282	0.21801705756929635	0.33847402597402587	0.23283499446290143	0.11766381766381769	0.22725925925925927	0.1749156355455568	0.3100529100529101	0.27555555555555555	0.23283499446290143	0.20828571428571427	0.034074074074074055	0	0.1950617283950617	0.2061688311688311	0.22684151785714282	0.2121374865735768	0.24454743729552886	0.29437229437229434	0.3100529100529101	0.2121374865735768	0.13113006396588484	0.16836734693877553	0.26146055437100213	0.3582677165354331	0.3049040511727079	0.2723214285714286	0.21801705756929635	0.3264462809917355	0.3282967032967032	0.348	0.36328125	0.348	0.5035991140642303	0.4626373626373626	0.6182669789227166	0.4427350427350428	0.5841836734693877	0.6060687432867885	1.0	0.4626373626373626	0.674	0.5938538205980065	0.5841836734693877	0.6060687432867885	0.6000545256270445	0.42667748917748904	0.4223009814612867	0.48253968253968255	
0.2887272727272727	0.2649867374005305	0.2342024900164435	0.24315738025415448	0.37307692307692303	0.34985754985754985	0.21054131054131056	0.4253205128205127	0.3730769230769231	0.3976348854397635	0.2342024900164435	0.37277537277537276	0.33357383357383363	0.3082228116710875	0.34985754985754985	0.2649867374005305	0.19753846153846152	0.24769230769230768	0.2685897435897436	0.19106699751861037	0.1506203473945409	0.12610722610722613	0.11017369727047144	0.17851458885941646	0.07637349100763735	0.12775919732441474	0.1319526627218935	0.06657122405153902	0.2058974358974359	0.15762273901808788	0.18963068181818185	0.1641025641025641	0.22821969696969693	0.22175066312997346	0.2719602977667493	0.2342024900164435	0.2284023668639053	0.24769230769230766	0.22214268670961584	0.37307692307692303	0.14738461538461536	0.15762273901808788	0.2096969696969697	-0.5060606060606061	0	0.16410256410256407	0.1506203473945409	0.22821969696969693	0.24769230769230774	0.1771634615384615	0.3124069478908188	0.3282967032967032	0.12230769230769231	0.22175066312997346	0.24769230769230774	0.22175066312997346	0.33882128370317355	0.3082228116710875	0.2668087121212121	0.2649867374005305	0.18357124968695215	0.2780885780885781	0.3282424242424242	0.30539772727272724	0.3282424242424242	0.42565186751233264	0.2780885780885781	0.39269746646795833	0.421301775147929	0.37277537277537276	0.4984615384615385	0.4626373626373626	1.0	0.6443636363636364	0.6171012450082217	0.49037999037999047	0.5402564102564102	0.5689903846153845	0.4337468982630272	0.49062499999999987	0.5074175824175823	
0.41663157894736846	0.4604137931034482	0.3863529411764706	0.342741935483871	0.5517500000000001	0.4204444444444445	0.27555555555555566	0.4023333333333333	0.3045333333333334	0.2676508344030809	0.19458823529411767	0.33037837837837836	0.25989189189189194	0.280551724137931	0.32385185185185195	0.1456551724137931	0.26976	0.08720000000000006	0.185	0.20077419354838713	-0.031409168081493966	0.13066666666666665	0.07458064516129033	0.1456551724137931	0.09328198545143354	0.14956521739130443	0.19753846153846155	0.05822222222222224	0.21760000000000007	0.15623529411764714	0.14308571428571432	0.13066666666666665	0.14308571428571432	0.1906206896551724	0.2849032258064516	0.2329411764705883	0.0470769230769231	0.16544	0.1668888888888889	0.2548571428571429	0.16544	0.19458823529411767	0.14210526315789476	-0.14210526315789465	0	0.13066666666666668	0.20077419354838713	0.18034285714285714	0.17413333333333336	0.18500000000000003	0.20077419354838713	0.2548571428571429	0.17413333333333336	0.1006896551724138	0.17413333333333336	0.1456551724137931	0.23933333333333331	0.23558620689655174	0.18034285714285714	0.1006896551724138	0.18464549804262723	0.2096969696969697	0.14210526315789476	0.25485714285714284	0.24505263157894744	0.42470588235294116	0.44678787878787873	0.3671268334771355	0.49846153846153846	0.3656216216216216	0.6522666666666667	0.674	0.6443636363636364	1.0	0.7315294117647059	0.6475675675675675	0.6957333333333333	0.7555	0.6214193548387096	0.5517500000000001	0.8137142857142857	
0.2329411764705883	0.3464314354450682	0.21956224350205203	0.22675521821631878	0.32873062015503873	0.29801894918174	0.20442147573930525	0.42086563307493535	0.3260981912144703	0.25944524151123866	0.14523483812129506	0.277077497665733	0.277077497665733	0.3028601978080727	0.2512202124605226	0.17214648489708637	0.2418604651162791	0.11550387596899228	0.15762273901808785	0.22555638909727432	0.0625156289072268	0.11933286351891004	0.0625156289072268	0.1285752472600909	0.06456241032998566	0.06605999325918444	0.0766249254621348	0.09402501157943494	0.2839793281653747	0.1823985408116736	0.13855698529411764	0.15762273901808788	0.17601102941176472	0.17214648489708637	0.2663165791447861	0.25672594619243055	0.0766249254621348	0.19131782945736436	0.16952292728114873	0.2779623477297896	0.14077519379844963	0.14523483812129506	0.15623529411764714	-0.5205882352941177	0	0.15762273901808785	0.14403600900225053	0.13855698529411764	0.15762273901808788	0.17078488372093023	0.1847961990497624	0.2779623477297896	0.11550387596899227	0.17214648489708637	0.15762273901808788	0.2157177225340818	0.28276980083371933	0.25928896017107733	0.21346507352941174	0.17214648489708637	0.2075838599902772	0.2342024900164435	0.19458823529411767	0.28837316176470584	0.3096470588235295	0.40538075695394443	0.349072116513977	0.3712632594021215	0.5140131186642815	0.42927170868347336	0.5788113695090439	0.5938538205980065	0.6171012450082217	0.7315294117647059	1.0000000000000002	0.6575630252100841	0.6630490956072352	0.6841085271317829	0.5108777194298574	0.40770348837209297	0.6841085271317829	
0.25989189189189194	0.3754789272030651	0.20098039215686275	0.2539232781168265	0.3531746031746032	0.23339212228101125	0.2813051146384481	0.35317460317460325	0.266931216931217	0.1762250054932982	0.08683473389355743	0.2308022308022308	0.19583869583869587	0.19704433497536944	0.13756613756613764	0.10782703886152163	0.17206349206349206	0.09444444444444447	0.029761904761904802	0.16538658474142343	-0.14734088927637318	0.019961519961519996	0.08192524321556577	0.06321839080459772	0.06877609316633705	0.10006901311249145	0.05463980463980468	0.029761904761904785	0.13756613756613761	0.12488328664799254	0.11292517006802719	0.09836459836459839	0.07596371882086166	0.15243568691844553	0.24884792626728106	0.20098039215686275	-0.15280665280665273	0.22380952380952382	0.13756613756613761	0.16836734693877548	0.22380952380952382	0.20098039215686275	0.08367567567567569	-0.11891891891891893	0	0.1375661375661376	0.16538658474142343	0.14988662131519276	0.13756613756613761	0.07018849206349206	0.16538658474142343	0.16836734693877548	0.13756613756613761	0.06321839080459772	0.13756613756613761	0.10782703886152163	0.24537037037037038	0.2416529830322934	0.18684807256235825	0.10782703886152163	0.1626088898816172	0.17676767676767682	0.11891891891891897	0.18684807256235825	0.18940540540540543	0.277077497665733	0.2943722943722944	0.2778023925564909	0.402930402930403	0.37065637065637064	0.6119047619047622	0.5841836734693877	0.49037999037999047	0.6475675675675675	0.6575630252100841	1.0	0.6119047619047622	0.6765873015873016	0.6244239631336405	0.5148809523809524	0.7227891156462585	
0.3045333333333334	0.2815659839253306	0.19974160206718347	0.2989247311827957	0.29491094147582697	0.3191311612364245	0.2737399053188527	0.33615288220551376	0.26466165413533843	0.20487804878048788	0.15762273901808788	0.3100529100529102	0.266931216931217	0.2815659839253306	0.18295739348370932	0.23930515945035002	0.16661654135338344	0.019548872180451142	0.18295739348370926	0.13560606060606062	0.0532828282828283	0.1641025641025641	0.17676767676767677	0.15478351050038894	0.11653116531165314	0.0941484145145473	0.10439560439560444	0.14435695538057744	0.1421052631578948	0.19974160206718347	0.10859375000000002	0.1641025641025641	0.15104166666666669	0.15478351050038894	0.21792929292929292	0.15762273901808788	0.10439560439560444	0.11759398496240601	0.10157480314960632	0.29967776584317946	0.11759398496240601	0.15762273901808788	0.13066666666666668	0.1421052631578948	0	0.18295739348370926	0.13560606060606062	0.19348958333333335	0.22380952380952385	0.17048346055979646	0.17676767676767677	0.2121374865735768	0.10125313283208025	0.07026186155042782	0.10125313283208025	0.07026186155042782	0.22992125984251974	0.1970443349753695	0.10859375000000002	0.07026186155042782	0.19173553719008274	0.2058974358974359	0.17413333333333336	0.23593750000000005	0.26106666666666667	0.4103359173126615	0.24769230769230774	0.4210382513661202	0.34008097165991913	0.3962962962962964	0.5914786967418547	0.6060687432867885	0.5402564102564102	0.6957333333333333	0.6630490956072352	0.6119047619047622	1.0	0.6267175572519084	0.5883838383838383	0.5852417302798982	0.6060687432867885	
0.22574999999999998	0.2705975256646486	0.17078488372093023	0.21950604838709675	0.33897900763358774	0.446988973706531	0.3087362171331638	0.48155216284987273	0.33638676844783716	0.3788109756097561	0.21027131782945738	0.31274801587301587	0.31274801587301587	0.1847854698604896	0.26265196494204135	0.14187944195841012	0.20366412213740456	0.004580152671755733	0.1704834605597964	0.1571041615365673	0.0768283673971928	0.0987980769230769	0.036690470327505546	0.14187944195841012	0.13033536585365854	0.13441752406239632	0.13857897827363477	0.07750984251968504	0.17048346055979646	0.13129844961240308	0.16430664062499994	0.13798076923076918	0.16430664062499994	0.1847854698604896	0.2775178527456291	0.24975775193798447	0.13857897827363477	0.2534351145038168	0.19783464566929138	0.11123227917121045	0.10412213740458015	0.17078488372093023	0.14425	0.004580152671755733	0	0.1704834605597964	0.19724205860625457	0.24389648437499992	0.21195928753180662	0.18344465648854957	0.19724205860625457	0.24454743729552886	0.12900763358778627	0.14187944195841012	0.17048346055979646	0.14187944195841012	0.19783464566929138	0.2276914977625691	0.24389648437499992	0.09897341405633063	0.15805785123966945	0.1771634615384615	0.18500000000000003	0.24389648437499992	0.22574999999999998	0.40770348837209297	0.4122596153846153	0.4989754098360656	0.47357604227833233	0.474454365079365	0.5022900763358779	0.6000545256270445	0.5689903846153845	0.7555	0.6841085271317829	0.6765873015873016	0.6267175572519084	1.0	0.7591726175818764	0.650047709923664	0.733369683751363	
0.24283870967741933	0.23354231974921627	0.1847961990497624	0.32154006243496347	0.35779364688500365	0.3597081930415264	0.2682379349046016	0.33112373737373735	0.17676767676767677	0.23052714398111715	0.1847961990497624	0.24884792626728106	0.3323092677931387	0.19096133751306163	0.31397306397306407	0.14838035527690696	0.16030303030303028	0.012121212121212097	0.12531565656565655	0.08382209188660797	0.043988269794721375	0.06972704714640197	0.043988269794721375	0.06321839080459768	0.10228166797797004	0.08728590250329382	0.1451048951048951	0.047752095504190996	0.13560606060606062	0.14403600900225053	0.1784274193548387	0.029280397022332504	0.09627016129032256	0.10579937304075232	0.16348973607038117	0.1847961990497624	0.09761072261072262	0.2096969696969697	0.13055626111252222	0.11796536796536793	0.1109090909090909	0.10327581895473867	0.03251612903225808	0.012121212121212097	0	0.17676767676767674	0.16348973607038117	0.2605846774193548	0.13560606060606062	0.0768283673971928	0.08382209188660797	0.11796536796536793	0.0532828282828283	0.10579937304075232	0.09444444444444446	0.06321839080459768	0.21336042672085348	0.10579937304075232	0.09627016129032256	0.02063740856844303	0.08744334844041585	0.1506203473945409	0.15870967741935482	0.21950604838709678	0.24283870967741933	0.30707676919229804	0.35285359801488825	0.3966155473294553	0.3825757575757575	0.3740399385560676	0.4648989898989898	0.42667748917748904	0.4337468982630272	0.6214193548387096	0.5108777194298574	0.6244239631336405	0.5883838383838383	0.7591726175818764	1.0	0.7190347205121891	0.6471861471861471	
0.2665	0.2276914977625691	0.17078488372093023	0.26058467741935487	0.30009541984732824	0.4009047215154086	0.2165677127509189	0.2741730279898218	0.12900763358778627	0.21316056910569106	0.21027131782945738	0.2723214285714286	0.2723214285714286	0.09897341405633063	0.26265196494204135	0.1847854698604896	0.20366412213740456	0.12900763358778627	0.2741730279898218	0.11696626446688006	0.036690470327505546	0.0596153846153846	0.0768283673971928	0.013161358252171651	0.04751016260162603	0.13441752406239632	0.09072225484439227	0.0374015748031496	0.12900763358778627	0.21027131782945738	0.20410156249999997	0.13798076923076918	0.20410156249999997	0.14187944195841012	0.2373799556759419	0.21027131782945738	0.1864357017028773	0.15389312977099234	0.11761811023622047	0.2889858233369684	0.10412213740458015	0.17078488372093023	0.14425	0.12900763358778627	0	0.1704834605597964	0.1571041615365673	0.24389648437499992	0.17048346055979646	0.06679389312977096	0.11696626446688006	0.20010905125408937	0.04605597964376594	0.09897341405633063	0.21195928753180662	0.14187944195841012	0.19783464566929138	0.1847854698604896	0.16430664062499994	0.09897341405633063	0.15805785123966945	0.21634615384615383	0.22574999999999998	0.20410156249999997	0.18500000000000003	0.32873062015503873	0.2555288461538461	0.33196721311475413	0.3778625954198473	0.3531746031746032	0.46081424936386767	0.4223009814612867	0.49062499999999987	0.5517500000000001	0.40770348837209297	0.5148809523809524	0.5852417302798982	0.650047709923664	0.7190347205121891	1.0	0.6889312977099236	
0.4411428571428571	0.34834754797441364	0.3230897009966777	0.43663594470046074	0.3778625954198473	0.19506172839506175	0.19506172839506175	0.29567901234567895	0.16836734693877553	0.19541231126596975	0.1877076411960133	0.3069727891156462	0.26077097505668934	0.21801705756929635	0.19506172839506175	0.21801705756929635	0.22725925925925927	0.15481481481481482	0.1950617283950617	0.2061688311688311	0.029761904761904743	0.14917582417582412	0.11796536796536793	0.1745735607675906	0.14808362369337977	0.21256038647342998	0.16410256410256413	0.08323959505061868	0.2121374865735768	0.23283499446290143	0.22684151785714282	0.19395604395604388	0.22684151785714282	0.1745735607675906	0.33847402597402587	0.3230897009966777	0.11766381766381769	0.178962962962963	0.22075365579302586	0.3100529100529101	0.178962962962963	0.23283499446290143	0.2548571428571429	0.034074074074074055	0	0.1950617283950617	0.29437229437229434	0.2723214285714286	0.2559076262083781	0.20010905125408937	0.2061688311688311	0.2238095238095238	0.16836734693877553	0.13113006396588484	0.2121374865735768	0.1745735607675906	0.26659167604049494	0.21801705756929635	0.2723214285714286	0.1745735607675906	0.27833530106257376	0.28351648351648345	0.2548571428571429	0.31780133928571425	0.3014285714285714	0.413344407530454	0.4178571428571427	0.42740046838407497	0.39629629629629637	0.4917800453514738	0.5622986036519872	0.48253968253968255	0.5074175824175823	0.8137142857142857	0.6841085271317829	0.7227891156462585	0.6060687432867885	0.733369683751363	0.6471861471861471	0.6889312977099236	1.0	
